Sparsification_fractions,BNN_rmse_values_Train,BNN_rmse_values_Test,BNN_rmse_values_OOD_EXP,BNN_rmse_values_OOD_MD
0.0,10.890822362083401,31.72553762942127,41.363998990101784,74.44382251085699
0.001,10.196677220392111,31.72553762942127,41.363998990101784,74.44382251085699
0.002,10.041766972115942,31.711333184573082,41.363998990101784,73.77972219222583
0.003,9.883852884181836,31.725232106236973,41.363998990101784,73.77972219222583
0.004,9.619101117762611,31.725232106236973,41.363998990101784,73.74205530786573
0.005,9.27008953461492,31.748184901562478,40.87731700096593,73.74205530786573
0.006,9.022201296691225,31.7582393194902,40.87731700096593,73.6120315249538
0.007,8.995185014842328,31.7582393194902,40.87731700096593,73.6120315249538
0.008,8.90073347422246,31.696423726722877,40.87731700096593,73.57397789690529
0.009000000000000001,8.800282625008087,31.44628479800046,39.89031112839359,73.32349904856943
0.01,8.711388404881237,31.44628479800046,39.89031112839359,73.32349904856943
0.011,8.633759913673915,31.44653194214702,39.89031112839359,73.38501013776019
0.012,8.616090479711504,31.338507662353244,39.89031112839359,73.38501013776019
0.013000000000000001,8.603228641580285,31.338507662353244,39.1560562420472,73.38160257729017
0.014,8.580964792324172,31.358136739087325,39.1560562420472,73.38160257729017
0.015,8.530891846792214,31.104759968459476,39.1560562420472,73.44722760932326
0.016,8.42357044922695,31.094690613904355,39.1560562420472,73.49018362026618
0.017,8.342385436301203,31.094690613904355,38.356941938933936,73.49018362026618
0.018000000000000002,8.317892988314263,31.115134305035408,38.356941938933936,73.44281849051757
0.019,8.309023451920833,31.105003670400748,38.356941938933936,73.44281849051757
0.02,8.239778895864516,31.105003670400748,38.356941938933936,73.14248380320319
0.021,8.175075941905272,31.087768277259972,38.40988720131326,73.14248380320319
0.022,8.110934772523395,31.11062831175213,38.40988720131326,72.98758879781965
0.023,7.923905223818804,31.11062831175213,38.40988720131326,73.05235454335529
0.024,7.856991690921154,31.133651156981404,38.40988720131326,73.05235454335529
0.025,7.773747629847309,31.137212808649284,38.354256462925875,73.00307287434467
0.026000000000000002,7.764322859193131,31.137212808649284,38.354256462925875,73.00307287434467
0.027,7.677599526384662,31.0639698158277,38.354256462925875,72.61784156944499
0.028,7.647887878427919,31.086395598037868,38.354256462925875,72.61784156944499
0.029,7.640413977285161,31.06634893281018,38.354256462925875,72.68316329612959
0.03,7.6202523279282035,31.06634893281018,38.41167109081661,72.68316329612959
0.031,7.605722710758776,30.92548376863029,38.41167109081661,72.39037998587483
0.032,7.594691960072676,30.936265893745134,38.41167109081661,72.4541315447514
0.033,7.560360374738803,30.936265893745134,38.41167109081661,72.4541315447514
0.034,7.549101219529259,30.775988826472222,38.40098570842101,72.39735519418682
0.035,7.5167237533921885,30.791630005993913,38.40098570842101,72.39735519418682
0.036000000000000004,7.482973141510496,30.791630005993913,38.40098570842101,72.41708664789468
0.037,7.458040799181365,30.81349217521543,38.40098570842101,72.41708664789468
0.038,7.459689652157548,30.763200142807563,38.35667648736495,72.41986866567382
0.039,7.406690316019771,30.763200142807563,38.35667648736495,72.22673093197318
0.04,7.359831796595625,30.745728118950165,38.35667648736495,72.22673093197318
0.041,7.301015290092523,30.766073539055213,38.35667648736495,72.28143878039589
0.042,7.269098726049267,30.784144837961307,38.282952117350916,72.28143878039589
0.043000000000000003,7.221000152744859,30.784144837961307,38.282952117350916,72.05155157559057
0.044,7.1964958046074425,30.807396890505192,38.282952117350916,72.05155157559057
0.045,7.180162504444569,30.83070536198173,38.282952117350916,72.11653799646044
0.046,7.147750201168398,30.83070536198173,38.27088697008359,72.18243453877656
0.047,7.12903317308573,30.733233551732532,38.27088697008359,72.18243453877656
0.048,7.12771809228795,30.75556405190269,38.27088697008359,71.82874213451964
0.049,7.112061159877221,30.75556405190269,38.27088697008359,71.82874213451964
0.05,7.078150329127432,30.778959960179503,38.29822399425014,71.87075732356571
0.051000000000000004,7.026728864706537,30.760345547097884,38.29822399425014,71.87075732356571
0.052000000000000005,6.9492064830773606,30.760345547097884,38.29822399425014,71.819136229014
0.053,6.897584451003635,30.758971947537123,38.29822399425014,71.819136229014
0.054,6.876304171712826,30.78236387650901,38.29822399425014,71.50506469225755
0.055,6.862632236674997,30.77794135166813,38.38039137675705,70.67334229504974
0.056,6.7793042401670895,30.77794135166813,38.38039137675705,70.67334229504974
0.057,6.7619626877200885,30.8015219220125,38.38039137675705,70.4172354150557
0.058,6.730807582303782,30.822182831828254,38.38039137675705,70.4172354150557
0.059000000000000004,6.719519571028831,30.822182831828254,37.81661217320658,70.34663663959746
0.06,6.711571185206729,30.60104073237694,37.81661217320658,70.34663663959746
0.061,6.701559201368899,30.62030536634855,37.81661217320658,70.38844322154178
0.062,6.690424343602098,30.62030536634855,37.81661217320658,70.42834780097162
0.063,6.636206992714726,30.58870942909067,37.86025139482895,70.42834780097162
0.064,6.634290291684574,30.60931278710994,37.86025139482895,70.37610510855914
0.065,6.57643857489236,30.60931278710994,37.86025139482895,70.37610510855914
0.066,6.56568946517982,30.63284279297553,37.86025139482895,70.43963596033842
0.067,6.549641887456835,30.651270761099067,37.93309908308378,70.43963596033842
0.068,6.519011499925464,30.651270761099067,37.93309908308378,70.25294892912892
0.069,6.504956416120914,30.654696097772852,37.93309908308378,70.172678305479
0.07,6.484030577877714,30.66405651562781,37.93309908308378,70.172678305479
0.07100000000000001,6.469792614838859,30.687918150186157,37.89924739772396,70.23284584422112
0.07200000000000001,6.464811425294224,30.687918150186157,37.89924739772396,70.23284584422112
0.073,6.455154921704578,30.558344820473764,37.89924739772396,70.29968504388457
0.074,6.453751846021768,30.567086242382775,37.89924739772396,70.29968504388457
0.075,6.443403547810355,30.567086242382775,37.92833614919897,70.36007662215674
0.076,6.427902081487736,30.573009205712772,37.92833614919897,70.42329692933653
0.077,6.4227575912404244,30.574444131924686,37.92833614919897,70.42329692933653
0.078,6.395307179030328,30.574444131924686,37.92833614919897,70.48378646919227
0.079,6.384311098175091,30.597985749758465,37.92833614919897,70.48378646919227
0.08,6.36697232984995,30.60431440701273,37.685220641250375,70.51933995216883
0.081,6.347560226287849,30.60431440701273,37.685220641250375,70.51933995216883
0.082,6.342643916092883,30.624816718566795,37.685220641250375,70.57155477937503
0.083,6.340115575748723,30.636110242299658,37.685220641250375,70.57155477937503
0.084,6.330632859131417,30.59231431991321,37.425890180840646,70.57283881917915
0.085,6.316971764090595,30.59231431991321,37.425890180840646,70.3508841223317
0.08600000000000001,6.307001583611045,30.614061109761696,37.425890180840646,70.3508841223317
0.08700000000000001,6.294004373131647,30.63052168584918,37.425890180840646,70.40538038417904
0.088,6.270386700339258,30.63052168584918,37.449706053297184,70.40538038417904
0.089,6.254360252635305,30.601446376793763,37.449706053297184,68.62558169230694
0.09,6.242557606408068,30.624984747849332,37.449706053297184,68.62558169230694
0.091,6.243768290280909,30.624984747849332,37.449706053297184,68.6918794525859
0.092,6.237548422807383,30.62056155591784,37.45175242750652,68.57452330192018
0.093,6.236833918185607,30.644953874780448,37.45175242750652,68.57452330192018
0.094,6.227224104910273,30.644953874780448,37.45175242750652,68.63695208509617
0.095,6.184617143283664,30.587902676087783,37.45175242750652,68.63695208509617
0.096,6.166966418390111,30.601474681051567,37.51680983496928,68.6251682290649
0.097,6.15404217974301,30.62478169288324,37.51680983496928,68.6251682290649
0.098,6.142760586391333,30.62478169288324,37.51680983496928,68.51580822727132
0.099,6.090371341549774,30.64719257155498,37.51680983496928,68.52519467688644
0.1,6.089773077099403,30.658477768732467,37.571717456337595,68.52519467688644
0.101,6.078493594740476,30.658477768732467,37.571717456337595,68.591528175539
0.10200000000000001,6.070429690268559,30.676920904320095,37.571717456337595,68.591528175539
0.10300000000000001,6.03817739067247,30.65881663302722,37.571717456337595,68.63247907739374
0.10400000000000001,6.020257305156016,30.65881663302722,37.571717456337595,68.63247907739374
0.105,5.997995175566906,30.594768814476264,36.33582693853865,68.45980064033895
0.106,5.993061944971994,30.6092627186994,36.33582693853865,68.45980064033895
0.107,5.977527931903715,30.6092627186994,36.33582693853865,68.51746630598872
0.108,5.979714979954554,30.486125068664272,36.33582693853865,68.58074734454881
0.109,5.968956487158722,30.502064526574358,36.36318528613732,68.58074734454881
0.11,5.958314524105767,30.483174506930258,36.36318528613732,68.23104610203659
0.111,5.948388637668387,30.483174506930258,36.36318528613732,68.23104610203659
0.112,5.945135833547589,30.464665732018684,36.36318528613732,68.29428359655981
0.113,5.929107834658771,30.427828152590536,36.44655048786873,68.29428359655981
0.114,5.919239549284015,30.427828152590536,36.44655048786873,68.33347599103674
0.115,5.892045577433851,30.448572514332973,36.44655048786873,68.36992134964822
0.116,5.89354787124363,30.462196504825314,36.44655048786873,68.36992134964822
0.117,5.879686700583865,30.462196504825314,36.516632511862916,68.36866340687082
0.11800000000000001,5.874479240366003,30.486209824616317,36.516632511862916,68.36866340687082
0.11900000000000001,5.867229969133554,30.506592431271972,36.516632511862916,68.13010083612633
0.12,5.86378480435919,30.506592431271972,36.516632511862916,68.13010083612633
0.121,5.86403470255337,30.504830983395014,36.57096473039826,67.83198366509775
0.122,5.863146922987789,30.525118494317617,36.57096473039826,67.87961065662464
0.123,5.860646885645095,30.525118494317617,36.57096473039826,67.87961065662464
0.124,5.853261413196073,30.549804522474197,36.57096473039826,67.94043693377081
0.125,5.844500810330304,30.42027835839664,36.62765019046123,67.94043693377081
0.126,5.846256102092961,30.436864347737526,36.62765019046123,67.99958002725975
0.127,5.833426287458924,30.436864347737526,36.62765019046123,67.99958002725975
0.128,5.825548054481778,30.44341925430141,36.62765019046123,68.06532094625645
0.129,5.800943560085862,30.468365727535343,36.62765019046123,68.13305908587928
0.13,5.798673834483575,30.468365727535343,36.69628050057492,68.13305908587928
0.131,5.766717443377922,30.455226608207138,36.69628050057492,68.1944721654285
0.132,5.731979439674989,30.451357898367228,36.69628050057492,68.1944721654285
0.133,5.732472422875945,30.451357898367228,36.69628050057492,68.26384277694257
0.134,5.717335134657995,30.464283865643115,36.764132332163356,68.26384277694257
0.135,5.695847175444266,30.43062761260491,36.764132332163356,68.33336506280247
0.136,5.64771117431818,30.43062761260491,36.764132332163356,68.33336506280247
0.137,5.6413699761190745,30.404512270949393,36.764132332163356,68.32441475923609
0.138,5.641545940534824,30.422102451311392,36.77110537321704,68.38744811186136
0.139,5.639401023748805,30.447503817086904,36.77110537321704,68.38744811186136
0.14,5.635952490008353,30.447503817086904,36.77110537321704,68.43180340629716
0.14100000000000001,5.632341167710436,30.43239435550924,36.77110537321704,68.43180340629716
0.14200000000000002,5.632701843961566,30.45802989956475,36.80528244142058,68.49912369593802
0.14300000000000002,5.616898806871669,30.45802989956475,36.80528244142058,68.49912369593802
0.14400000000000002,5.6110689174117425,30.4817949942907,36.80528244142058,68.5612844255923
0.145,5.594330139257448,30.487719616454147,36.80528244142058,68.60663972035695
0.146,5.595201539756999,30.487719616454147,36.76005649283248,68.60663972035695
0.147,5.582670669207519,30.493990317763036,36.76005649283248,68.64419953912544
0.148,5.583227994459079,30.51327660663757,36.76005649283248,68.64419953912544
0.149,5.581045603974217,30.51327660663757,36.76005649283248,68.65686751752212
0.15,5.568674537986055,30.507016734392145,36.84368653770446,68.65686751752212
0.151,5.556025337843136,30.523883196510617,36.84368653770446,68.09265121789738
0.152,5.5539515419416805,30.499496318935012,36.84368653770446,68.15138905790214
0.153,5.555394991448187,30.499496318935012,36.84368653770446,68.15138905790214
0.154,5.552037830404177,30.481929473753514,36.84368653770446,68.18452633094074
0.155,5.548043187192242,30.507997974374472,36.93121752017639,68.18452633094074
0.156,5.526636090294914,30.507997974374472,36.93121752017639,68.2332499423918
0.157,5.490023804557346,30.533044849038642,36.93121752017639,68.2332499423918
0.158,5.483205899264793,30.54755494717885,36.93121752017639,68.29828564761348
0.159,5.473452256812694,30.54755494717885,36.90860676897465,68.29828564761348
0.16,5.470210648854107,30.57383241317223,36.90860676897465,68.296124468072
0.161,5.469434602805745,30.556186946106607,36.90860676897465,68.11903123234599
0.162,5.4699857322272285,30.556186946106607,36.90860676897465,68.11903123234599
0.163,5.461778332984147,30.517905380868573,36.95337621455078,67.96034747050487
0.164,5.432519721277249,30.5442827690271,36.95337621455078,67.96034747050487
0.165,5.432913227035028,30.395033013576576,36.95337621455078,68.03096535747345
0.166,5.4267646224350905,30.395033013576576,36.95337621455078,68.03096535747345
0.167,5.421275631956722,30.41822067499172,37.045010182428406,68.00265407159516
0.168,5.396750600121446,30.42933842633405,37.045010182428406,68.07472213747525
0.169,5.39518707457522,30.42933842633405,37.045010182428406,68.07472213747525
0.17,5.391502577053505,29.873934446028134,37.045010182428406,68.04983492731172
0.171,5.391509528922666,29.88383163548173,36.92312878249087,68.04983492731172
0.17200000000000001,5.3940998728793605,29.88383163548173,36.92312878249087,67.6051165665176
0.17300000000000001,5.382065799472516,29.909502658741715,36.92312878249087,67.6051165665176
0.17400000000000002,5.363104982118945,29.934202077945184,36.92312878249087,67.6670263075212
0.17500000000000002,5.3635890688494525,29.934202077945184,36.8382935819081,67.72035074570597
0.176,5.361640319980913,29.933202888921993,36.8382935819081,67.72035074570597
0.177,5.36088568767023,29.958306683173898,36.8382935819081,67.78336761385198
0.178,5.3507976224164135,29.958306683173898,36.8382935819081,67.78336761385198
0.179,5.351271716128148,29.984657763198808,36.8382935819081,67.7271570313997
0.18,5.343683857643507,30.009344069419903,36.589577093548044,67.7271570313997
0.181,5.322147188581252,30.035810077565987,36.589577093548044,67.716038848306
0.182,5.322609716220138,30.035810077565987,36.589577093548044,67.77857223181539
0.183,5.322751977723677,30.060160842675025,36.589577093548044,67.77857223181539
0.184,5.31075399359376,30.080589583153795,36.50122388988392,67.80892552240569
0.185,5.312726582276935,30.080589583153795,36.50122388988392,67.80892552240569
0.186,5.300366200890895,30.097189366495908,36.50122388988392,67.88232470809035
0.187,5.298308321891465,30.110601908663902,36.50122388988392,67.88232470809035
0.188,5.290620027100091,30.110601908663902,36.57007241016258,67.95134238838408
0.189,5.274212075985297,30.024248121114027,36.57007241016258,67.95134238838408
0.19,5.2682573699696436,30.049766236092783,36.57007241016258,67.9946645051744
0.191,5.270649340953252,30.049766236092783,36.57007241016258,67.82463622435827
0.192,5.270726817979844,30.068820374183574,36.66053569774334,67.82463622435827
0.193,5.269540162266967,30.076031851518014,36.66053569774334,67.89727952508358
0.194,5.269976883855422,30.0983264026515,36.66053569774334,67.89727952508358
0.195,5.269447284466719,30.0983264026515,36.66053569774334,67.52681885331745
0.196,5.263359711692524,30.1245743266354,36.664617616076534,67.52681885331745
0.197,5.261560805979502,30.14406824982143,36.664617616076534,67.53306009245779
0.198,5.26127393551027,30.14406824982143,36.664617616076534,67.27955629566894
0.199,5.260826295874337,30.16580560505715,36.664617616076534,67.27955629566894
0.2,5.245908174682074,30.187816117599514,36.71249848690475,67.353613527199
0.201,5.227125934100231,30.187816117599514,36.71249848690475,67.353613527199
0.202,5.223221175505292,30.21514641223498,36.71249848690475,67.00869808197162
0.203,5.221677039780221,30.237850352564468,36.71249848690475,67.00869808197162
0.20400000000000001,5.217557576914771,30.237850352564468,36.71249848690475,67.08233512953558
0.20500000000000002,5.21197763611187,30.18587873251617,36.73834942286505,67.15291674438954
0.20600000000000002,5.207101904967627,30.187379178844196,36.73834942286505,67.15291674438954
0.20700000000000002,5.203048101447851,30.214631793124195,36.73834942286505,67.04853356325933
0.20800000000000002,5.188610476036705,30.214631793124195,36.73834942286505,67.04853356325933
0.209,5.189950454562112,30.242137637089407,36.769512899901834,67.10925011080238
0.21,5.189635182438464,30.268455663507737,36.769512899901834,67.10925011080238
0.211,5.175411388463772,30.268455663507737,36.769512899901834,67.17243216791891
0.212,5.1742626289247555,30.25552896747305,36.769512899901834,67.17243216791891
0.213,5.176141068673339,30.276914109313857,36.8445804406135,67.18463720674775
0.214,5.170159704908271,30.276914109313857,36.8445804406135,67.22429219144695
0.215,5.160776562122897,30.304714980976218,36.8445804406135,67.22429219144695
0.216,5.155056402318556,30.32354933463871,36.8445804406135,67.27284250469458
0.217,5.142170244319392,30.32354933463871,36.9406069107366,67.27284250469458
0.218,5.132305984517914,30.337500680797127,36.9406069107366,67.33936260259911
0.219,5.12612285845811,30.36466921161875,36.9406069107366,67.33936260259911
0.22,5.124076688419022,30.39281285189017,36.9406069107366,67.39049274669335
0.221,5.101362531184884,30.39281285189017,37.0001810614078,67.27928294911663
0.222,5.1010113523883405,30.419090707895897,37.0001810614078,67.27928294911663
0.223,5.101428754332157,30.425187933069196,37.0001810614078,67.11467621963773
0.224,5.074545535453779,30.425187933069196,37.0001810614078,67.11467621963773
0.225,5.066810631637074,30.43659491933444,36.81919320086364,67.10354760106715
0.226,5.063750356984549,30.429680024095813,36.81919320086364,67.10354760106715
0.227,5.0591231753856105,30.429680024095813,36.81919320086364,67.08346754095113
0.228,5.055944627852631,30.444669788552094,36.81919320086364,67.10475379376534
0.229,5.02822764983108,30.413176848891528,36.81919320086364,67.10475379376534
0.23,5.014169180481565,30.413176848891528,36.885140587117036,66.97570081793224
0.231,5.007087085899583,30.420842948199326,36.885140587117036,66.97570081793224
0.232,5.0044340080206124,30.10861432565314,36.885140587117036,67.04147212128144
0.233,4.975603711532189,30.11621694062326,36.885140587117036,67.04147212128144
0.234,4.971533964638388,30.11621694062326,36.978351919430374,67.10537401425405
0.23500000000000001,4.960409937391522,30.135184261585582,36.978351919430374,67.03817999391909
0.23600000000000002,4.939558704209427,30.16237451939684,36.978351919430374,67.03817999391909
0.23700000000000002,4.9404213118016544,30.16237451939684,36.978351919430374,67.10473102510169
0.23800000000000002,4.921146473596485,30.18336052805899,37.037704785127815,67.10473102510169
0.23900000000000002,4.917039877197561,30.208687977424777,37.037704785127815,66.86424472548656
0.24,4.91410125638901,30.208687977424777,37.037704785127815,66.86424472548656
0.241,4.9030247332546235,30.235190548773602,37.037704785127815,66.91974238044061
0.242,4.897592530351253,30.26402682620982,37.10160621244896,66.91974238044061
0.243,4.876593030594774,30.26402682620982,37.10160621244896,66.93631588617058
0.244,4.872009704353587,30.287523377464773,37.10160621244896,66.58496835585203
0.245,4.871856990722759,29.918895838529938,37.10160621244896,66.58496835585203
0.246,4.869889147492671,29.918895838529938,36.54858116732541,66.6358328958756
0.247,4.8439468136837185,29.93171581163723,36.54858116732541,66.6358328958756
0.248,4.842321741543146,29.863953027000214,36.54858116732541,66.60022822871589
0.249,4.820866597218543,29.883655253422656,36.54858116732541,66.60022822871589
0.25,4.820506832257484,29.883655253422656,36.551964945401096,66.67454191997763
0.251,4.817080325231165,29.91219485313543,36.551964945401096,66.74433637341576
0.252,4.799370623544972,29.86058078519645,36.551964945401096,66.74433637341576
0.253,4.786919774256243,29.86058078519645,36.551964945401096,66.81408861611953
0.254,4.7780060282604095,29.868460517659216,36.551964945401096,66.81408861611953
0.255,4.764033748205324,29.894522910499557,36.648992091240984,66.8821321409027
0.256,4.758311395940554,29.894522910499557,36.648992091240984,66.8821321409027
0.257,4.760168785051099,29.867230200264554,36.648992091240984,66.94846426017672
0.258,4.761938673499526,29.893194404647037,36.648992091240984,66.91411908635487
0.259,4.757850461038631,29.893194404647037,36.75140116596541,66.91411908635487
0.26,4.7450761642454795,29.733474005422522,36.75140116596541,66.89789807292043
0.261,4.737216600302393,29.761464894773482,36.75140116596541,66.89789807292043
0.262,4.736529163114277,29.76912910909708,36.75140116596541,66.41932489473498
0.263,4.729170606266217,29.76912910909708,36.84848822532015,66.41932489473498
0.264,4.725120639015363,29.78232881432855,36.84848822532015,66.40398165424068
0.265,4.726802726637246,29.81063615681357,36.84848822532015,66.40398165424068
0.266,4.723557153012972,29.81063615681357,36.84848822532015,66.05878560747256
0.267,4.717554792512518,29.78197035187328,36.24184247901111,66.13511257264352
0.268,4.708932586205871,29.795852742565597,36.24184247901111,66.13511257264352
0.269,4.707452519068216,29.795852742565597,36.24184247901111,66.21135349586677
0.27,4.689234285517255,29.79957686053239,36.24184247901111,66.21135349586677
0.271,4.683378405292758,29.81612272889174,35.912888160608425,66.0795799923136
0.272,4.681559252213443,29.81612272889174,35.912888160608425,66.0795799923136
0.273,4.673482856477813,29.789654251589354,35.912888160608425,66.10185444604075
0.274,4.661544543200163,29.656630824018944,35.912888160608425,66.16165492156973
0.275,4.6604279517435225,29.682239030136344,35.73833468350045,66.16165492156973
0.276,4.661554401531368,29.682239030136344,35.73833468350045,66.23903529297105
0.277,4.65952816332926,29.700804987124634,35.73833468350045,66.23903529297105
0.278,4.6606327743674365,29.66628788566317,35.73833468350045,66.29358701495049
0.279,4.654460635745863,29.66628788566317,35.73833468350045,66.29358701495049
0.28,4.652376402686149,29.693358076941085,35.806473404075525,66.32974355050005
0.281,4.650818861986177,29.722774534455027,35.806473404075525,66.40827550625683
0.28200000000000003,4.650689970274835,29.722774534455027,35.806473404075525,66.40827550625683
0.28300000000000003,4.646405516263999,29.722596888949546,35.806473404075525,66.47225209100229
0.28400000000000003,4.643970583877873,29.75260311675246,35.910244225923414,66.47225209100229
0.28500000000000003,4.643614783760985,29.75260311675246,35.910244225923414,66.5095312556651
0.28600000000000003,4.6397422614755675,29.69890705060598,35.910244225923414,66.5095312556651
0.28700000000000003,4.638355044104572,29.727027766149106,35.910244225923414,66.56775180782634
0.28800000000000003,4.638437484752333,29.757218956113906,35.90360994674367,66.27277709350825
0.289,4.638965539682947,29.757218956113906,35.90360994674367,66.27277709350825
0.29,4.6377017633128155,29.776766208845412,35.90360994674367,66.32803002082426
0.291,4.63364562262822,29.806900747434614,35.90360994674367,66.32803002082426
0.292,4.634214142101031,29.806900747434614,35.99930104015419,66.38396475112113
0.293,4.636308868149389,29.812506341602294,35.99930104015419,66.38396475112113
0.294,4.627323425479499,29.82827882488756,35.99930104015419,66.39443572569552
0.295,4.622349491764853,29.82827882488756,35.99930104015419,66.39443572569552
0.296,4.619838867534772,29.8207058227412,36.072191397313205,66.4396335785847
0.297,4.610152949048726,29.849894912269892,36.072191397313205,66.1126442119205
0.298,4.605111692821613,29.849894912269892,36.072191397313205,66.1126442119205
0.299,4.593098873972396,29.880170700242914,36.072191397313205,65.80654268056401
0.3,4.58129575462551,29.90144552896201,35.54968914826061,65.80654268056401
0.301,4.5789923780930435,29.90144552896201,35.54968914826061,65.88913402879052
0.302,4.576621357406148,29.918876223441597,35.54968914826061,65.88913402879052
0.303,4.5741379500555315,29.949485496071738,35.54968914826061,65.6615112912804
0.304,4.571954075601539,29.976937587529882,35.54968914826061,65.72458640106788
0.305,4.570702334429947,29.976937587529882,35.62522646693849,65.72458640106788
0.306,4.552121456166728,30.006108999546125,35.62522646693849,65.77404520436802
0.307,4.548308508174344,30.02650687411833,35.62522646693849,65.77404520436802
0.308,4.548296044197225,30.02650687411833,35.62522646693849,65.85772925250848
0.309,4.547972043294622,30.03888179925705,35.67829089362261,65.85772925250848
0.31,4.5491490988026495,30.05304602881681,35.67829089362261,65.92688430124713
0.311,4.5476557102548085,30.05304602881681,35.67829089362261,65.96835220061159
0.312,4.5423175154027176,30.06909588899963,35.67829089362261,65.96835220061159
0.313,4.529043970877916,30.05024820105063,35.64528611808988,66.04561689142236
0.314,4.52755040843637,30.05024820105063,35.64528611808988,66.04561689142236
0.315,4.528046174839514,30.080759766298666,35.64528611808988,65.81984794345856
0.316,4.52553577876262,30.111101788659155,35.64528611808988,65.81984794345856
0.317,4.523784131771659,30.1312128658076,35.49764089188668,65.87290170158427
0.318,4.52167660878853,30.1312128658076,35.49764089188668,65.87290170158427
0.319,4.520168976075641,30.153235346295176,35.49764089188668,65.91152560429346
0.32,4.521162485410072,30.18467185056795,35.49764089188668,65.97429836237016
0.321,4.520803086151038,30.18467185056795,35.33711466333858,65.97429836237016
0.322,4.513845323082017,30.19021788947031,35.33711466333858,65.81975670111223
0.323,4.515024685401726,30.206681686208672,35.33711466333858,65.81975670111223
0.324,4.514088304579563,30.206681686208672,35.33711466333858,65.78065968263593
0.325,4.508095874432447,30.223915998145948,35.30047711584073,65.78065968263593
0.326,4.487063871015748,30.2457364963178,35.30047711584073,65.86624503533358
0.327,4.480299314331569,30.2457364963178,35.30047711584073,65.49728788001093
0.328,4.472783296630251,30.277395901597014,35.30047711584073,65.49728788001093
0.329,4.4559166152232645,30.284351493459184,35.30047711584073,65.531535456121
0.33,4.439811851625926,30.19717426109822,35.393488513300426,65.531535456121
0.331,4.441385335877818,30.19717426109822,35.393488513300426,65.31932365310666
0.332,4.440347110104772,30.22743330378413,35.393488513300426,65.31932365310666
0.333,4.433141301890623,30.248256191712816,35.393488513300426,65.11996887703259
0.334,4.4146038198663,30.248256191712816,35.47376400873525,65.16340290817234
0.335,4.413326382914613,30.256939449638946,35.47376400873525,65.16340290817234
0.336,4.414542685513453,30.2894512219084,35.47376400873525,65.21750094527974
0.337,4.405348458500299,30.2894512219084,35.47376400873525,65.21750094527974
0.338,4.399865147798185,30.300407583111422,35.57667564836356,65.29776251494233
0.339,4.400289292011734,30.237966260865754,35.57667564836356,65.29776251494233
0.34,4.399959318239406,30.237966260865754,35.57667564836356,65.33660796602896
0.341,4.381717416536642,30.268719458921137,35.57667564836356,65.41067215246443
0.342,4.3771069713034265,30.293845878781855,35.531230365040614,65.41067215246443
0.343,4.37337808861684,30.156406198514762,35.531230365040614,65.41796363567457
0.34400000000000003,4.364415215119729,30.156406198514762,35.531230365040614,65.41796363567457
0.34500000000000003,4.365247701893472,30.187442721446054,35.531230365040614,65.43248581949327
0.34600000000000003,4.364718272907635,30.217578679374867,35.53188207750946,65.43248581949327
0.34700000000000003,4.364948795479042,30.217578679374867,35.53188207750946,65.49480788514974
0.34800000000000003,4.3538198923327585,30.188784836585626,35.53188207750946,65.49480788514974
0.34900000000000003,4.351014480626926,30.222294226825536,35.53188207750946,65.57655073223417
0.35000000000000003,4.345419566729379,30.222294226825536,35.216910944234094,65.62060900879466
0.35100000000000003,4.329555955148986,30.249479481735722,35.216910944234094,65.62060900879466
0.352,4.303743070948263,30.273286523326643,35.216910944234094,65.67929415233472
0.353,4.29867132187187,30.273286523326643,35.216910944234094,65.67929415233472
0.354,4.2898657859620455,30.29849891697485,35.216910944234094,65.75485291177999
0.355,4.27987376629278,30.321025550080346,35.326962055668545,65.75485291177999
0.356,4.281075377634962,30.321025550080346,35.326962055668545,65.8429770047568
0.357,4.271316345311464,30.355074159956185,35.326962055668545,65.93246749015262
0.358,4.252715215788921,30.28531061797412,35.326962055668545,65.93246749015262
0.359,4.2439065534658456,30.318680661220938,34.45240442909844,66.02320983707187
0.36,4.24384959037756,30.318680661220938,34.45240442909844,66.02320983707187
0.361,4.244824088940518,30.324476088933014,34.45240442909844,65.9741439673411
0.362,4.2408460957246366,30.358736915203547,34.45240442909844,65.9741439673411
0.363,4.2411451141222845,30.358736915203547,34.51828804920673,65.9455255152379
0.364,4.2372917395346565,30.38915992560522,34.51828804920673,66.0287433465645
0.365,4.232419480608934,30.00293568234159,34.51828804920673,66.0287433465645
0.366,4.230842192880272,30.00293568234159,34.51828804920673,65.97991439770713
0.367,4.226139518885453,29.709114932407818,34.27176987916372,65.97991439770713
0.368,4.226376831490189,29.737028708963237,34.27176987916372,66.07133882106059
0.369,4.218457569423449,29.737028708963237,34.27176987916372,66.07133882106059
0.37,4.220011852414361,29.770990822571193,34.27176987916372,66.03164771209757
0.371,4.216976625906829,29.79348174294916,34.25931389277385,66.03164771209757
0.372,4.215926725203206,29.7374019517201,34.25931389277385,66.10200808763544
0.373,4.212514609706856,29.7374019517201,34.25931389277385,66.15213012677113
0.374,4.2070436394160104,29.49547149001597,34.25931389277385,66.15213012677113
0.375,4.198672546494253,29.528373803453594,34.30492583137431,66.20839962144744
0.376,4.1865862987680975,29.528373803453594,34.30492583137431,66.20839962144744
0.377,4.177769535868311,29.556824456424433,34.30492583137431,66.0940637498811
0.378,4.174604958194755,29.467249129354332,34.30492583137431,66.0940637498811
0.379,4.174551028023102,29.467249129354332,34.30492583137431,66.18788016758032
0.38,4.175395220713979,29.50038249832234,34.41202633418999,66.10533232783031
0.381,4.16841076238594,29.498474891471776,34.41202633418999,66.10533232783031
0.382,4.162249123979445,29.498474891471776,34.41202633418999,65.45293542127766
0.383,4.1576455895471405,29.5329003160879,34.41202633418999,65.45293542127766
0.384,4.138172966151613,29.56429794067947,33.8940365116049,65.47526604836297
0.385,4.136296840694412,29.59559351553017,33.8940365116049,65.47526604836297
0.386,4.1369322193299585,29.59559351553017,33.8940365116049,65.54108004247715
0.387,4.137300864930976,29.63041610168048,33.8940365116049,65.6340273300511
0.388,4.12975356460388,29.522364546961377,33.94782363428201,65.6340273300511
0.389,4.117639074605573,29.522364546961377,33.94782363428201,65.72813050803181
0.39,4.110983381769461,29.554843165718587,33.94782363428201,65.72813050803181
0.391,4.112629876180596,29.58845505755051,33.94782363428201,65.81446841568314
0.392,4.098899511740097,29.58845505755051,34.05886843468996,65.81446841568314
0.393,4.09642087510203,29.61793721632819,34.05886843468996,65.40569647690079
0.394,4.097131156685128,29.649329446708734,34.05886843468996,65.46475991669753
0.395,4.094238489786839,29.649329446708734,34.05886843468996,65.46475991669753
0.396,4.095642586702206,29.66342412497714,34.01775397360209,65.55003668227374
0.397,4.090819947214156,29.67684323436616,34.01775397360209,65.55003668227374
0.398,4.0884014353036715,29.699749014096287,34.01775397360209,65.49680575159609
0.399,4.08983005098764,29.699749014096287,34.01775397360209,65.49680575159609
0.4,4.079167392298802,29.69416507966304,34.045068348257786,65.0042720673073
0.401,4.078274390773351,29.72916119098343,34.045068348257786,65.0042720673073
0.402,4.064891909215298,29.72916119098343,34.045068348257786,65.09464915430463
0.403,4.066994347906898,29.7608161998104,34.045068348257786,65.1176341790006
0.404,4.058829617111039,29.791573605079908,34.045068348257786,65.1176341790006
0.405,4.058955876389317,29.791573605079908,34.15790319818564,65.21412441888458
0.406,4.058224507402023,29.827794297765248,34.15790319818564,65.21412441888458
0.40700000000000003,4.050619262710655,29.828986266364893,34.15790319818564,65.26115963390302
0.40800000000000003,4.046703467117525,29.828986266364893,34.15790319818564,65.26115963390302
0.40900000000000003,4.047510570330087,29.84644612828765,34.19751319597459,65.34358838616778
0.41000000000000003,4.046282468985806,29.865949138696518,34.19751319597459,64.85578062254548
0.41100000000000003,4.030933770369335,29.762882964973222,34.19751319597459,64.85578062254548
0.41200000000000003,4.0285638610964085,29.762882964973222,34.19751319597459,64.02748024771427
0.41300000000000003,4.029261908749846,29.788401879249992,34.26092124076373,64.02748024771427
0.41400000000000003,4.026120875836457,29.81385900492676,34.26092124076373,63.500614136069196
0.41500000000000004,4.025582069529648,29.81385900492676,34.26092124076373,63.500614136069196
0.41600000000000004,4.0092639911962555,29.82831603111295,34.26092124076373,63.57900029497553
0.417,3.991100390383543,29.85236526322595,34.28395900534741,63.667844825272745
0.418,3.9806353727441706,29.85236526322595,34.28395900534741,63.667844825272745
0.419,3.9806244318992094,29.860798332232147,34.28395900534741,63.725251152196826
0.42,3.9821645641130625,29.887336483536338,34.28395900534741,63.725251152196826
0.421,3.9834457981965055,29.887336483536338,33.64318540294954,63.79829532931249
0.422,3.979084526174665,29.919084381027556,33.64318540294954,63.79829532931249
0.423,3.974499975178358,29.869018228237174,33.64318540294954,63.690554465805356
0.424,3.9737201810544227,29.869018228237174,33.64318540294954,63.690554465805356
0.425,3.961489844660614,29.856491241103083,33.74717091741222,63.75045075745562
0.426,3.964115855703971,29.8895888023978,33.74717091741222,63.84579564897975
0.427,3.963730879732995,29.922019162319163,33.74717091741222,63.84579564897975
0.428,3.9599524565721076,29.922019162319163,33.74717091741222,63.944241840489966
0.429,3.957254363056322,29.959869736881952,33.74717091741222,63.944241840489966
0.43,3.9592018945368253,29.97320088346493,33.84011866483872,64.04273207842915
0.431,3.941724373877985,29.97320088346493,33.84011866483872,64.04273207842915
0.432,3.9410680758765433,29.96641800745402,33.84011866483872,63.96476388841817
0.433,3.899987357295608,30.003835700453347,33.84011866483872,64.06428252238416
0.434,3.8982384176190377,30.003835700453347,33.955563461560544,64.06428252238416
0.435,3.8994242071050564,30.041741155520572,33.955563461560544,63.86354130198956
0.436,3.8905904075123314,29.764485464216197,33.955563461560544,63.86354130198956
0.437,3.8914959560966533,29.764485464216197,33.955563461560544,63.93912747722497
0.438,3.8729761522409603,29.797226603206177,34.075933951299696,63.93912747722497
0.439,3.8655799999697362,29.831405769907843,34.075933951299696,64.03925457217969
0.44,3.85432374715986,29.867025624985775,34.075933951299696,64.09007006356332
0.441,3.850196733790942,29.867025624985775,34.075933951299696,64.09007006356332
0.442,3.8495731751693585,29.903456184716326,34.09944295536111,63.97591789076459
0.443,3.851094538084975,29.935118567566743,34.09944295536111,63.97591789076459
0.444,3.853356020284136,29.935118567566743,34.09944295536111,64.07184166058369
0.445,3.8474944705675824,29.968924650641643,34.09944295536111,64.07184166058369
0.446,3.8194930974744183,30.00683890284906,33.705326285922354,64.17371348097207
0.447,3.819122883248533,30.00683890284906,33.705326285922354,64.27605025591191
0.448,3.794329870351674,30.04285198703827,33.705326285922354,64.27605025591191
0.449,3.7909654891178515,30.080455589779127,33.705326285922354,63.676338020004714
0.45,3.7866342819839094,30.080455589779127,32.97750120051736,63.676338020004714
0.451,3.784775658356431,30.119112991489985,32.97750120051736,63.72241719718469
0.452,3.7783895332450115,30.143260545305083,32.97750120051736,63.72241719718469
0.453,3.7804119827652363,30.17162079035736,32.97750120051736,63.81976527563539
0.454,3.771855274747206,30.17162079035736,32.97750120051736,63.81976527563539
0.455,3.7706251010124605,30.180993570122347,33.102773582740454,63.562243651751736
0.456,3.7686324844466212,30.22080619994881,33.102773582740454,63.51354559696605
0.457,3.763183188618387,30.22080619994881,33.102773582740454,63.51354559696605
0.458,3.760838773146546,30.038033350762664,33.102773582740454,63.60141489849312
0.459,3.7577258544642316,30.066641201984563,33.19141257319554,63.60141489849312
0.46,3.754240466490859,30.066641201984563,33.19141257319554,63.6962459316411
0.461,3.7436365326949135,30.105976543035197,33.19141257319554,63.6962459316411
0.462,3.7415549965786052,30.14213369157785,33.19141257319554,63.58167948871391
0.463,3.744631192293937,30.14213369157785,33.29671693681903,63.03195652148634
0.464,3.7465869503181013,30.18045319522143,33.29671693681903,63.03195652148634
0.465,3.7226653548750632,30.22058396756156,33.29671693681903,63.05428433751205
0.466,3.7200152106739575,30.249584689243243,33.29671693681903,63.05428433751205
0.467,3.720170450971943,30.249584689243243,33.39567222004449,63.05892018231959
0.468,3.707896114925751,30.28904082682049,33.39567222004449,63.05892018231959
0.46900000000000003,3.70808991945584,30.328672420927884,33.39567222004449,63.11360138438856
0.47000000000000003,3.710276752409021,30.328672420927884,33.39567222004449,63.04484304530901
0.47100000000000003,3.698810773059231,30.36946985836639,33.43106871599929,63.04484304530901
0.47200000000000003,3.698596417958153,30.377777520937506,33.43106871599929,63.141659590332424
0.47300000000000003,3.700031551132456,30.377777520937506,33.43106871599929,63.141659590332424
0.47400000000000003,3.7012711525843516,30.41758115160343,33.43106871599929,63.169282224034966
0.47500000000000003,3.700411103383959,30.45831027416717,33.537110223118276,63.169282224034966
0.47600000000000003,3.699450971506737,30.45831027416717,33.537110223118276,63.24776987989044
0.47700000000000004,3.7012739616418955,30.274615034414115,33.537110223118276,63.24776987989044
0.47800000000000004,3.698976270411236,30.31651551025443,33.537110223118276,63.07441196753914
0.47900000000000004,3.6945184986018473,30.31651551025443,33.537110223118276,63.16828746909375
0.48,3.6794905435123777,30.358531148840058,33.54192168146825,63.16828746909375
0.481,3.6797299185947123,30.366763324294798,33.54192168146825,63.27463731379223
0.482,3.683190230637496,30.34625933132879,33.54192168146825,63.27463731379223
0.483,3.6791521342869866,30.34625933132879,33.54192168146825,63.19127375886544
0.484,3.678318245167096,30.385493671354908,33.66996128433392,63.19127375886544
0.485,3.6710178253019334,30.37070230525999,33.66996128433392,63.2979366345691
0.486,3.6696620916564973,30.37070230525999,33.66996128433392,63.39854438696843
0.487,3.6644446780504447,30.401242259530292,33.66996128433392,63.39854438696843
0.488,3.6630396287126556,30.435440968913586,33.805199013649926,63.21461691904179
0.489,3.653931867856143,30.435440968913586,33.805199013649926,63.21461691904179
0.49,3.654930996229996,30.4354605506403,33.805199013649926,63.03758723935101
0.491,3.65021303391377,30.430867014449372,33.805199013649926,63.03758723935101
0.492,3.652127498033845,30.430867014449372,33.8650146359998,62.959244568353334
0.493,3.651879442213247,30.40023429115589,33.8650146359998,62.73020148288616
0.494,3.635117381431263,30.44258537910457,33.8650146359998,62.73020148288616
0.495,3.633090781131398,30.42242084493851,33.8650146359998,62.83738102103925
0.496,3.6357706181002745,30.42242084493851,33.96868647998928,62.83738102103925
0.497,3.6272569487082404,30.466092108998,33.96868647998928,62.94716870276593
0.498,3.6249223928652614,30.483774069428605,33.96868647998928,62.94716870276593
0.499,3.6210281066103422,30.483774069428605,33.96868647998928,63.057864856649715
0.5,3.6220947722287016,30.526033708405937,33.80132631841856,63.053521609345125
0.501,3.6223652941333158,30.569873356066886,33.80132631841856,63.053521609345125
0.502,3.6242941296303526,30.569873356066886,33.80132631841856,63.03093436101691
0.503,3.6247869545047626,30.545490035399823,33.80132631841856,63.03093436101691
0.504,3.6171078880905805,30.358916617452053,33.80132631841856,63.09793121325432
0.505,3.6099830674315507,30.358916617452053,33.9286900931394,63.09793121325432
0.506,3.602379229337122,30.354159095361144,33.9286900931394,63.088889433469184
0.507,3.593123212981701,30.394656726292567,33.9286900931394,63.088889433469184
0.508,3.5816672160368808,30.379698281723602,33.9286900931394,63.074865942924646
0.509,3.582178061450024,30.379698281723602,34.07074281733843,63.16991539908564
0.51,3.573131238361201,30.418435318631953,34.07074281733843,63.16991539908564
0.511,3.5739898296572736,30.452528934437744,34.07074281733843,63.27424012726363
0.512,3.5762862848897483,30.452528934437744,34.07074281733843,63.27424012726363
0.513,3.5733480649618063,30.497677258163314,34.20024943670476,63.366869222189905
0.514,3.574892455969321,30.51467801848729,34.20024943670476,63.366869222189905
0.515,3.5741041847906994,30.51467801848729,34.20024943670476,63.45244067727217
0.516,3.571923337157556,30.490749048539527,34.20024943670476,63.561484157769755
0.517,3.5673926998345085,29.91447165097335,34.3437841120183,63.561484157769755
0.518,3.5651475535810695,29.91447165097335,34.3437841120183,63.67692390562894
0.519,3.5660021183861046,29.88226410709798,34.3437841120183,63.67692390562894
0.52,3.561773106040629,29.92501312794443,34.3437841120183,63.76337598126242
0.521,3.5582836257780595,29.7430106943843,34.464194540229336,63.76337598126242
0.522,3.5594097823032946,29.7430106943843,34.464194540229336,63.877893109674574
0.523,3.5532133916853943,29.787524289274238,34.464194540229336,63.99125658174153
0.524,3.549064926465967,29.832644443288054,34.464194540229336,63.99125658174153
0.525,3.5460143082168707,29.832644443288054,34.611895213173035,63.970351572034836
0.526,3.5457325060235076,29.85185595781344,34.611895213173035,63.970351572034836
0.527,3.5098637846466727,29.89731293523796,34.611895213173035,64.03425936328321
0.528,3.5055298455386095,29.89731293523796,34.611895213173035,64.03425936328321
0.529,3.503750573523929,29.93113179056006,34.611895213173035,64.05750633937448
0.53,3.5065739438029193,29.18508204368605,34.70027604677668,64.05750633937448
0.531,3.5061469766468725,29.18508204368605,34.70027604677668,64.1661632149295
0.532,3.505137762050883,29.218241160572536,34.70027604677668,64.28242584737842
0.533,3.5045659474342195,29.263261732446615,34.70027604677668,64.28242584737842
0.534,3.482677333067826,29.263261732446615,34.85269637376297,64.33823012839017
0.535,3.4813485289386685,29.2791726790694,34.85269637376297,64.33823012839017
0.536,3.4735820351788638,29.324553187443325,34.85269637376297,64.23308570793918
0.537,3.47463027789139,29.016496586633927,34.85269637376297,64.23308570793918
0.538,3.4677936259456406,29.016496586633927,34.71216790204432,64.34367940740394
0.539,3.469251164731637,29.06179583521382,34.71216790204432,63.87354400489062
0.54,3.4631629049805905,29.106701463853657,34.71216790204432,63.87354400489062
0.541,3.4564964998428236,29.106701463853657,34.71216790204432,63.93654262972582
0.542,3.4372278895656794,29.124561413328355,34.31149314761791,63.93654262972582
0.543,3.440237511296935,29.166160049254177,34.31149314761791,64.0574770617942
0.544,3.4373424072030727,29.166160049254177,34.31149314761791,64.0574770617942
0.545,3.4101516146603563,29.212236955352687,34.31149314761791,63.56650379382988
0.546,3.4122267170215195,29.25807663413561,34.43315168002945,62.572187167648295
0.547,3.4109982962649226,29.25807663413561,34.43315168002945,62.572187167648295
0.548,3.4125303104466638,29.172319795198362,34.43315168002945,62.5865942167064
0.549,3.412921457067181,29.213107441946782,34.43315168002945,62.5865942167064
0.55,3.4109401185137913,29.25976756894965,34.2836215911574,62.69873186578202
0.551,3.3839230668757585,29.25976756894965,34.2836215911574,62.69873186578202
0.552,3.381938262987037,29.259971919029415,34.2836215911574,62.728608780324485
0.553,3.3797077122495405,29.289744664387733,34.2836215911574,62.728608780324485
0.554,3.373731766705597,29.289744664387733,34.2836215911574,62.582188763929786
0.555,3.36586553525879,29.314415712236983,34.3962931286741,62.42924422691265
0.556,3.368832773230448,29.362032467282315,34.3962931286741,62.42924422691265
0.557,3.368838387438494,29.362032467282315,34.3962931286741,62.52139530046236
0.558,3.3696526759867576,29.40878254082858,34.3962931286741,62.52139530046236
0.559,3.369188677963899,29.455887111495322,34.40951438012871,62.593883364931216
0.56,3.365308951066142,29.455887111495322,34.40951438012871,62.593883364931216
0.561,3.362783488988609,29.50141992849847,34.40951438012871,62.59480946138792
0.562,3.3491200899738915,29.537960332934244,34.40951438012871,62.71319031249876
0.5630000000000001,3.3403572051194272,29.189845226762813,34.42753338835763,62.71319031249876
0.5640000000000001,3.3344633432095026,29.189845226762813,34.42753338835763,62.81837837299721
0.5650000000000001,3.323443330903912,29.236753215845564,34.42753338835763,62.81837837299721
0.5660000000000001,3.318824483793409,29.19162615929756,34.42753338835763,62.63271695271625
0.5670000000000001,3.31511740838145,29.19162615929756,34.017951900599805,62.63271695271625
0.5680000000000001,3.3108997988695132,29.233812856990735,34.017951900599805,62.75586936866682
0.5690000000000001,3.3124460176998545,29.278885194609572,34.017951900599805,62.78508374790938
0.5700000000000001,3.312856570354857,29.278885194609572,34.017951900599805,62.78508374790938
0.5710000000000001,3.3086986059655956,29.281366134883225,34.18125427886716,62.896756957349524
0.5720000000000001,3.298805573921376,29.25876148666241,34.18125427886716,62.896756957349524
0.5730000000000001,3.2968906732114696,29.25876148666241,34.18125427886716,63.012339107758386
0.5740000000000001,3.2899650918316867,29.275097729107333,34.18125427886716,63.012339107758386
0.5750000000000001,3.2914176276770584,29.302331741611088,34.339859506012054,63.076072916302984
0.5760000000000001,3.2874939452085727,29.273195705295418,34.339859506012054,63.118643092778356
0.577,3.28817889523995,29.273195705295418,34.339859506012054,63.118643092778356
0.578,3.2801658847226567,29.320597128200262,34.339859506012054,62.65471136990289
0.579,3.2748862114339987,29.218311502299088,34.339859506012054,62.65471136990289
0.58,3.2768607450228036,29.218311502299088,34.50245803188154,62.76428990624387
0.581,3.2772380509364414,29.2677571912163,34.50245803188154,62.76428990624387
0.582,3.2780251240957345,29.305792162047485,34.50245803188154,62.81302192893314
0.583,3.2706491949165772,29.305792162047485,34.50245803188154,62.81302192893314
0.584,3.2688545303867436,29.33779942170478,34.66732612303115,62.859503867051714
0.585,3.265368765909169,29.326780671341577,34.66732612303115,62.932950184534796
0.586,3.261142013051554,29.326780671341577,34.66732612303115,62.932950184534796
0.587,3.25518240922869,29.37416516933455,34.66732612303115,63.06537330792063
0.588,3.2573882421288793,29.41603028506718,34.19277308294248,63.06537330792063
0.589,3.23810215551833,29.41603028506718,34.19277308294248,63.10865470607706
0.59,3.2394771228840695,29.132396729169535,34.19277308294248,63.10865470607706
0.591,3.2388477718396342,29.13787627900742,34.19277308294248,62.82364456057464
0.592,3.2331192484964073,29.189490734477765,34.31619863209957,62.95172811394958
0.593,3.234347346135651,29.189490734477765,34.31619863209957,62.95172811394958
0.594,3.225657763147142,29.19685392414568,34.31619863209957,62.8939342588573
0.595,3.220742624874024,29.234477678952857,34.31619863209957,62.8939342588573
0.596,3.2134235285745643,29.234477678952857,34.48594919314503,62.3864979785491
0.597,3.2044374426470426,29.129707220470518,34.48594919314503,62.3864979785491
0.598,3.195008543887044,29.178330287040843,34.48594919314503,61.598424290022365
0.599,3.1910041076575664,29.178330287040843,34.48594919314503,61.615360524049194
0.6,3.1917231021949375,29.12625509857732,34.61593730772161,61.615360524049194
0.601,3.1899248051964437,29.17479820432015,34.61593730772161,61.248959683039004
0.602,3.180971744095536,29.17479820432015,34.61593730772161,61.248959683039004
0.603,3.1809731518969615,29.221449135763695,34.61593730772161,61.08542237761474
0.604,3.1801082910685174,29.256009458729622,34.61593730772161,61.08542237761474
0.605,3.1801516125488902,29.308569042161874,34.629462737769494,61.19257805489298
0.606,3.159769942189331,29.308569042161874,34.629462737769494,61.19257805489298
0.607,3.1556362345773743,29.358976777525275,34.629462737769494,61.26123190859428
0.608,3.154073652144984,29.328187553631874,34.629462737769494,61.39508998631208
0.609,3.133563027433918,29.328187553631874,32.33495687242775,61.39508998631208
0.61,3.1287050368077227,29.379894313298852,32.33495687242775,61.42482362421657
0.611,3.127153135418079,29.071264856285193,32.33495687242775,61.42482362421657
0.612,3.120154238267332,29.071264856285193,32.33495687242775,61.373144114034254
0.613,3.1128566649050806,29.125423783666648,32.503369948480426,61.373144114034254
0.614,3.1103462135102746,29.162235972979524,32.503369948480426,61.312541153489676
0.615,3.109951959730744,29.162235972979524,32.503369948480426,61.44980145971232
0.616,3.1105092907784835,29.21612189430312,32.503369948480426,61.44980145971232
0.617,3.113238878126556,29.268827062956127,32.48330048237743,61.499424771822326
0.618,3.1101138558175787,29.27531915576035,32.48330048237743,61.499424771822326
0.619,3.0979332630644825,29.27531915576035,32.48330048237743,60.0242109083458
0.62,3.09217234080983,29.330848290890845,32.48330048237743,60.0242109083458
0.621,3.090952058708091,29.38317071891195,32.465728533839936,59.974849940512385
0.622,3.088902626471538,29.38317071891195,32.465728533839936,59.93858455788628
0.623,3.082760549820104,29.439393971849004,32.465728533839936,59.93858455788628
0.624,3.0794322086570083,29.49572386949527,32.465728533839936,59.95768614585505
0.625,3.0774131012283084,29.49572386949527,32.64250517092561,59.95768614585505
0.626,3.0801089528291152,29.543818708325137,32.64250517092561,59.857272989359345
0.627,3.0813798853609162,29.233277045293402,32.64250517092561,59.857272989359345
0.628,3.0833707527741874,29.233277045293402,32.64250517092561,59.982559447533895
0.629,3.080498622345355,29.25682050688354,32.64250517092561,59.14153331469877
0.63,3.0805364603719734,29.15551605882723,32.52186950478817,59.14153331469877
0.631,3.082267180789362,29.194035374555057,32.52186950478817,59.167408124590054
0.632,3.0781409886836864,29.194035374555057,32.52186950478817,59.167408124590054
0.633,3.0771437204430057,29.234839883432194,32.52186950478817,59.01579696668779
0.634,3.071754422995764,29.287342959867242,32.698414593371034,59.01579696668779
0.635,3.060076205599264,29.287342959867242,32.698414593371034,59.117761041764425
0.636,3.05685379198996,29.30891788375799,32.698414593371034,59.117761041764425
0.637,3.059126414125483,29.356181656741818,32.698414593371034,59.22266099530548
0.638,3.060363588165389,29.356181656741818,30.00795808362688,59.12005796822153
0.639,3.0463046755793615,29.41365871536822,30.00795808362688,59.12005796822153
0.64,3.0479823104930204,29.45988742225341,30.00795808362688,59.19927884719362
0.641,3.044705377332748,29.45988742225341,30.00795808362688,59.19927884719362
0.642,3.038336526153958,29.33985509161448,29.98581401401576,59.13335455406813
0.643,3.038907671500882,29.395101461849748,29.98581401401576,59.13335455406813
0.644,3.0363403450567787,29.442797392077335,29.98581401401576,58.982219177606275
0.645,3.036793423878062,29.442797392077335,29.98581401401576,58.897555530608756
0.646,3.0334192662553883,29.50275899308067,30.021179246797587,58.897555530608756
0.647,3.0145984613817287,29.238892384961467,30.021179246797587,58.5553093272988
0.648,3.010524428121778,29.238892384961467,30.021179246797587,58.5553093272988
0.649,3.0023770058019297,29.29587136863694,30.021179246797587,58.55666386990773
0.65,2.9964331729579023,29.34168778977518,30.19752573998245,58.55666386990773
0.651,2.9925176601773638,29.34168778977518,30.19752573998245,58.59148776290271
0.652,2.993477660041534,29.397063587148956,30.19752573998245,58.673677432303634
0.653,2.9901165111282753,29.45803155001845,30.19752573998245,58.673677432303634
0.654,2.986472458359349,29.45803155001845,30.19752573998245,58.794800967888136
0.655,2.985594723100192,29.41997041972279,30.275417001917134,58.794800967888136
0.656,2.987042811803492,29.40790568563147,30.275417001917134,58.939019721888776
0.657,2.9839381106577485,29.40790568563147,30.275417001917134,58.939019721888776
0.658,2.9884559213973425,29.4678201195297,30.275417001917134,59.06524542504111
0.659,2.973055952414432,29.520640585316123,30.4356429048706,59.06524542504111
0.66,2.9732919633584576,29.582206226317993,30.4356429048706,58.91092140555701
0.661,2.9512361147567256,29.582206226317993,30.4356429048706,58.789366628734186
0.662,2.9505997579629057,29.629156209341144,30.4356429048706,58.789366628734186
0.663,2.9518672073289194,29.23138220426003,30.59732030758599,58.83742191665761
0.664,2.9518920453185182,29.23138220426003,30.59732030758599,58.83742191665761
0.665,2.9484687698041605,29.29275053002585,30.59732030758599,58.868390678833904
0.666,2.942893075383275,29.329637248196143,30.59732030758599,58.868390678833904
0.667,2.941812768528816,29.329637248196143,30.762518027914123,57.5912934140403
0.668,2.944295013457293,28.151131169846614,30.762518027914123,57.587894908416175
0.669,2.940623438107963,28.20139316987714,30.762518027914123,57.587894908416175
0.67,2.9417645348902557,28.20139316987714,30.762518027914123,57.74120604049751
0.671,2.9398765693898055,28.260823812393145,29.905263567067678,57.74120604049751
0.672,2.9382953773037492,28.282581160667533,29.905263567067678,57.871135825316586
0.673,2.9344186030876696,28.341840295363816,29.905263567067678,57.871135825316586
0.674,2.937527927269628,28.341840295363816,29.905263567067678,57.936580060481056
0.675,2.9385305854008115,28.279433212705182,29.913023279263705,57.993739713560615
0.676,2.941100460864607,28.3289258764162,29.913023279263705,57.993739713560615
0.677,2.9424482948380124,28.3289258764162,29.913023279263705,58.027084157800026
0.678,2.936280463727678,28.38933250287397,29.913023279263705,58.027084157800026
0.679,2.9342041922043918,28.442896236040816,29.913023279263705,57.66400016183306
0.68,2.927832999289044,28.442896236040816,30.081099519802,57.66400016183306
0.681,2.9238668919952215,28.46050613718944,30.081099519802,57.72188202812839
0.682,2.92377182820731,28.507165715125204,30.081099519802,57.88199821694848
0.683,2.9246604908304095,28.507165715125204,30.081099519802,57.88199821694848
0.684,2.9263866442606683,28.572069543608777,30.138168500395484,58.03978873466045
0.685,2.9151683098487986,28.623426438422747,30.138168500395484,58.03978873466045
0.686,2.908239050209146,24.55320483657671,30.138168500395484,58.12447050251414
0.687,2.9105852716514664,24.55320483657671,30.138168500395484,58.12447050251414
0.6880000000000001,2.907314104462663,24.565722702711472,30.337188290045866,58.286718833327896
0.6890000000000001,2.909797452525379,24.598479000825805,30.337188290045866,58.286718833327896
0.6900000000000001,2.8787397911524253,24.598479000825805,30.337188290045866,58.3382086904345
0.6910000000000001,2.8803460571106014,24.63874279569436,30.337188290045866,58.49836417598457
0.6920000000000001,2.8757641134109235,24.690763153670225,30.5386329839453,58.49836417598457
0.6930000000000001,2.863731633639873,24.690763153670225,30.5386329839453,58.639532183389
0.6940000000000001,2.8617301458151823,24.73811258951792,30.5386329839453,58.639532183389
0.6950000000000001,2.8462867291226734,24.796076431241076,30.5386329839453,58.78075859721656
0.6960000000000001,2.847544968305762,24.796076431241076,30.718014393669904,58.78075859721656
0.6970000000000001,2.8450637117145585,24.854830993500677,30.718014393669904,58.62372870507812
0.6980000000000001,2.840368426214313,24.844522553708256,30.718014393669904,57.952553202398434
0.6990000000000001,2.8383067593780043,24.820916351236928,30.718014393669904,57.952553202398434
0.7000000000000001,2.8276608592289003,24.820916351236928,30.72854420755231,56.58058168494561
0.7010000000000001,2.8262950417746144,24.87459520703085,30.72854420755231,56.58058168494561
0.7020000000000001,2.827790504784338,24.915679044729433,30.72854420755231,56.29915020671975
0.7030000000000001,2.8257951196564,24.915679044729433,30.72854420755231,56.29915020671975
0.704,2.8275217818603338,24.96777817371829,30.72854420755231,56.46645802058944
0.705,2.813900216968086,25.02444337051611,30.786462289853308,56.31566482975959
0.706,2.81433586067374,25.02444337051611,30.786462289853308,56.31566482975959
0.707,2.813119001122543,25.08054477232631,30.786462289853308,56.48420201050937
0.708,2.8132643399008574,25.138946469595723,30.786462289853308,56.48420201050937
0.709,2.8111767929514104,25.138946469595723,30.512080443993675,56.64065745989922
0.71,2.8133392535892296,25.200281694856773,30.512080443993675,56.64065745989922
0.711,2.7945475005390032,25.22721126564352,30.512080443993675,56.723537703401455
0.712,2.797553122851107,25.22721126564352,30.512080443993675,56.723537703401455
0.713,2.7952719029587003,25.288989231036073,30.729998891097313,56.2419798542898
0.714,2.7946421325469033,25.35250563038598,30.729998891097313,55.88569539121635
0.715,2.7903982230459667,25.10343865674232,30.729998891097313,55.88569539121635
0.716,2.7854455179075157,25.10343865674232,30.729998891097313,55.868799999325645
0.717,2.7787563279455973,25.062079639705438,30.945801535683493,55.868799999325645
0.718,2.7780003399587003,25.074994705038222,30.945801535683493,56.04245379725634
0.719,2.7703042123346693,25.074994705038222,30.945801535683493,56.04245379725634
0.72,2.763392967336302,25.086781730733215,30.945801535683493,56.12072448306521
0.721,2.7202992888237767,25.068246730908637,30.76857770352946,55.36314861955688
0.722,2.7181828695275905,25.068246730908637,30.76857770352946,55.36314861955688
0.723,2.705678878731708,25.129640475404045,30.76857770352946,55.53904799037482
0.724,2.7051231427416282,25.19389517914484,30.76857770352946,55.53904799037482
0.725,2.70358588773226,25.19389517914484,30.98012032680745,55.69513422981078
0.726,2.7005322073505735,25.25465071794257,30.98012032680745,55.69513422981078
0.727,2.692885243193068,25.132666253008992,30.98012032680745,55.81949379149292
0.728,2.673416489397295,25.116341529015873,30.98012032680745,55.98789708319244
0.729,2.6577606432669008,25.116341529015873,30.98012032680745,55.98789708319244
0.73,2.6495523363299593,25.138604455753864,30.733399344183596,55.78836796354666
0.731,2.652280745510829,25.20562802331471,30.733399344183596,55.78836796354666
0.732,2.6505277488175456,25.20562802331471,30.733399344183596,55.485996620615914
0.733,2.6504620577959264,25.266341503819014,30.733399344183596,55.485996620615914
0.734,2.6477717547958255,25.333776765714717,30.6354015344687,55.59702913236662
0.735,2.6381195099279235,25.333776765714717,30.6354015344687,55.59533151471275
0.736,2.625012764256843,25.389277268360257,30.6354015344687,55.59533151471275
0.737,2.624311629211642,25.45884511403646,30.6354015344687,55.781042481801144
0.738,2.5911680121257605,25.45884511403646,30.45223899150606,55.781042481801144
0.739,2.5850758814138337,25.511756478124504,30.45223899150606,55.9685632226874
0.74,2.586130380655546,25.56575579317153,30.45223899150606,55.9685632226874
0.741,2.587668342314175,25.63571852122004,30.45223899150606,56.05632955056392
0.742,2.5890177339615623,25.63571852122004,30.52326667582431,56.05632955056392
0.743,2.58777740764561,25.693716459345293,30.52326667582431,56.23321392180567
0.744,2.580799553128991,25.76559079821951,30.52326667582431,56.407946353609326
0.745,2.565441436120319,25.76559079821951,30.52326667582431,56.407946353609326
0.746,2.559396106186725,25.83868380622436,30.640075494634996,56.35039979273688
0.747,2.560514012099,25.912053562356302,30.640075494634996,56.35039979273688
0.748,2.5527227704929207,25.912053562356302,30.640075494634996,56.514542220556
0.749,2.5477711793948936,25.965490243305897,30.640075494634996,56.514542220556
0.75,2.5495436283151043,25.961677642692255,30.88560991400377,56.700188363557494
0.751,2.5485498392948087,25.961677642692255,30.88560991400377,55.113628355535916
0.752,2.550215379609888,25.575987020774573,30.88560991400377,55.113628355535916
0.753,2.547771866664729,25.65051749269342,30.88560991400377,55.25919782651349
0.754,2.5438951730346555,25.724398157511473,30.88560991400377,55.25919782651349
0.755,2.5405612627161642,25.724398157511473,31.12295195379204,55.44997537374872
0.756,2.5423254633561516,25.433196806807185,31.12295195379204,55.44997537374872
0.757,2.5409661129862195,25.206533348366353,31.12295195379204,55.54653364744077
0.758,2.5417150626742306,25.206533348366353,31.12295195379204,55.727495126724584
0.759,2.537789089467384,25.259475537354714,31.218116090515874,55.727495126724584
0.76,2.535131151993451,25.31921113279948,31.218116090515874,55.93192176345332
0.761,2.532775656613036,25.31921113279948,31.218116090515874,55.93192176345332
0.762,2.530280325068001,25.333380228501664,31.218116090515874,56.04417094616975
0.763,2.529947633820017,25.410175728819738,31.354156171365315,56.04417094616975
0.764,2.5289120849438405,25.410175728819738,31.354156171365315,56.25290226876257
0.765,2.5309050460642157,24.958847668237855,31.354156171365315,56.25290226876257
0.766,2.5169646740202922,25.017906102508505,31.354156171365315,56.01575058193742
0.767,2.5129658451531323,25.017906102508505,31.549468715016417,56.2194485394705
0.768,2.514879341065871,23.625297501486504,31.549468715016417,56.2194485394705
0.769,2.512144814002875,23.638231076440547,31.549468715016417,56.429703130823796
0.77,2.5041778348178143,23.71212244545199,31.549468715016417,56.429703130823796
0.771,2.507276355091284,23.71212244545199,31.74468415965362,56.45324168126149
0.772,2.510255392739986,23.717522246438435,31.74468415965362,56.45324168126149
0.773,2.5084054473732134,23.787352875893284,31.74468415965362,56.586810898303725
0.774,2.50520552184581,23.787352875893284,31.74468415965362,52.09173203323728
0.775,2.4852153144919167,23.826620578150493,31.47619963588869,52.09173203323728
0.776,2.484491575945658,23.820139219079685,31.47619963588869,52.19151201815139
0.777,2.487636350847672,23.820139219079685,31.47619963588869,52.19151201815139
0.778,2.4847167784716455,22.90303224735329,31.47619963588869,52.38015123670785
0.779,2.4660162837860318,22.935074923043906,31.47619963588869,52.38015123670785
0.78,2.4637418284667447,22.935074923043906,31.771370426345545,52.58414497186695
0.781,2.4661998386210353,23.002699821689717,31.771370426345545,52.69010524854322
0.782,2.4663603631602116,23.06916973715494,31.771370426345545,52.69010524854322
0.783,2.4595018765200165,23.075370774637175,31.771370426345545,52.595432952411606
0.784,2.446296617227782,23.075370774637175,31.918166278366755,52.595432952411606
0.785,2.4494343708166264,23.109200258294003,31.918166278366755,52.77347272507686
0.786,2.433949407249571,23.113308315192814,31.918166278366755,52.77347272507686
0.787,2.436090171306954,23.113308315192814,31.918166278366755,52.70275308707817
0.788,2.4365921101975783,23.126675327452638,31.281199064981692,52.469961394226736
0.789,2.4402988497700075,23.177863468425173,31.281199064981692,52.469961394226736
0.79,2.4383397300471645,23.177863468425173,31.281199064981692,52.61066140514245
0.791,2.434759507367153,23.256978490228352,31.281199064981692,52.61066140514245
0.792,2.43623083557295,23.33046547891566,30.025901983455718,52.22713309993553
0.793,2.4328147332538492,23.33046547891566,30.025901983455718,52.22713309993553
0.794,2.430564067647544,23.393021866904334,30.025901983455718,52.39693588315971
0.795,2.4292932045982885,23.474472499016002,30.025901983455718,52.39693588315971
0.796,2.4320039671014824,23.555734523875326,30.205512935516115,52.46481977694483
0.797,2.4304859467330284,23.555734523875326,30.205512935516115,51.950429525617174
0.798,2.425163425685499,23.638599185746084,30.205512935516115,51.950429525617174
0.799,2.4284162206309325,23.68725664116049,30.205512935516115,51.931964736721305
0.8,2.4291836293078672,23.68725664116049,30.45629563546294,51.931964736721305
0.801,2.4213302517326714,23.49072365829313,30.45629563546294,52.12894557679608
0.802,2.419667122751673,23.321935049000388,30.45629563546294,52.12894557679608
0.803,2.421502204335745,23.321935049000388,30.45629563546294,52.34939947210066
0.804,2.4225331045665484,22.093141547262015,30.45629563546294,52.5113441529023
0.805,2.419963082149725,21.96701563992788,30.567050267815034,52.5113441529023
0.806,2.410930794652233,21.96701563992788,30.567050267815034,52.49775321186531
0.807,2.410352248462608,22.033943905840093,30.567050267815034,52.49775321186531
0.808,2.40400684814616,22.1118497656998,30.567050267815034,52.72319124064089
0.809,2.4015086537445516,22.190790335505742,30.81495843985463,52.72319124064089
0.81,2.4000943466764295,22.190790335505742,30.81495843985463,52.959653190778646
0.811,2.4011899986272094,21.94325180941862,30.81495843985463,53.19295149228515
0.812,2.406540752355401,21.948410246994886,30.81495843985463,53.19295149228515
0.8130000000000001,2.3974043785090178,21.948410246994886,30.96885801474277,53.438446689368654
0.8140000000000001,2.3923985078779055,22.020627399463894,30.96885801474277,53.438446689368654
0.8150000000000001,2.3881383448710607,21.953570575806737,30.96885801474277,53.24227155218085
0.8160000000000001,2.3914360634540848,21.953570575806737,30.96885801474277,53.24227155218085
0.8170000000000001,2.3885690350975315,22.030126263322146,31.314774596884195,53.42554901683861
0.8180000000000001,2.387186352549801,22.098086031722236,31.314774596884195,53.42554901683861
0.8190000000000001,2.385190935933331,22.098086031722236,31.314774596884195,53.63954360034126
0.8200000000000001,2.3647343350225944,22.17950548907978,31.314774596884195,53.81539375878926
0.8210000000000001,2.359679283867558,21.716373213563116,30.08056709345118,53.81539375878926
0.8220000000000001,2.3632192522174926,21.80099756352498,30.08056709345118,53.601525034601934
0.8230000000000001,2.3493069741451786,21.80099756352498,30.08056709345118,53.601525034601934
0.8240000000000001,2.348263621324111,20.896094004475863,30.08056709345118,53.69245354920598
0.8250000000000001,2.351073558292592,20.97594568753277,29.950557572592867,53.69245354920598
0.8260000000000001,2.3543653084417957,20.97594568753277,29.950557572592867,53.78778322556489
0.8270000000000001,2.3547456635093953,21.06183766138501,29.950557572592867,54.060225547927395
0.8280000000000001,2.359198736775747,21.14584894156238,29.950557572592867,54.060225547927395
0.8290000000000001,2.3462621678405284,21.14584894156238,29.950557572592867,54.24559197687458
0.8300000000000001,2.3483851776590132,21.234903907606657,30.31196075104761,54.24559197687458
0.8310000000000001,2.3470622871823563,21.322845654029596,30.31196075104761,54.45456401504788
0.8320000000000001,2.3512273601403195,21.322845654029596,30.31196075104761,54.45456401504788
0.833,2.3534986578548573,21.414329896857122,30.31196075104761,54.71883986020423
0.834,2.348319237201247,21.504878190243662,30.490161405086283,54.98818154717689
0.835,2.3516010712181377,21.504878190243662,30.490161405086283,54.98818154717689
0.836,2.343510657752741,21.59806255353644,30.490161405086283,54.887456219621605
0.837,2.3481166931080018,21.687912255910536,30.490161405086283,54.887456219621605
0.838,2.3469301294410303,21.77897323584746,30.68645735922923,55.162320484645434
0.839,2.342719947187392,21.77897323584746,30.68645735922923,55.162320484645434
0.84,2.341166843907529,21.807566959084017,30.68645735922923,55.41766520004015
0.841,2.337216233704488,21.90641144011843,30.68645735922923,55.49063694995699
0.842,2.333718129726237,21.90641144011843,31.081475791811574,55.49063694995699
0.843,2.338332882181059,22.004903948941894,31.081475791811574,55.77583435611374
0.844,2.326131353038681,22.081935960454913,31.081475791811574,55.77583435611374
0.845,2.3051368040817546,22.081935960454913,31.081475791811574,55.80950541994344
0.846,2.2861879910053906,21.917127500960387,31.495948992868648,55.80950541994344
0.847,2.289796968986013,21.723872672446184,31.495948992868648,56.11698820922627
0.848,2.277807354070851,21.723872672446184,31.495948992868648,56.11698820922627
0.849,2.2836158235607384,21.81359026959337,31.495948992868648,55.98412162911289
0.85,2.2555693210803227,21.899791538434695,31.765601294313154,56.311507881719585
0.851,2.2584978428017393,21.8145550810645,31.765601294313154,56.311507881719585
0.852,2.248643203472797,21.8145550810645,31.765601294313154,56.641503026612575
0.853,2.2417931692177464,21.918325987130178,31.765601294313154,56.641503026612575
0.854,2.2378720681684867,22.02467039461364,31.765601294313154,56.97673346436374
0.855,2.2398710322118474,22.02467039461364,31.35323813714746,56.97673346436374
0.856,2.220547519202902,22.134481618019528,31.35323813714746,56.892015287509665
0.857,2.2243935652619116,21.021748779640905,31.35323813714746,56.95267171994395
0.858,2.21127559070556,21.021748779640905,31.35323813714746,56.95267171994395
0.859,2.2117650369802484,20.566346871120967,31.662128217973816,56.51723750523957
0.86,2.214450518330389,20.60898543267397,31.662128217973816,56.51723750523957
0.861,2.164564464588447,20.60898543267397,31.662128217973816,56.872326720759766
0.862,2.162541349828543,20.695664340285212,31.662128217973816,56.872326720759766
0.863,2.1626930074435315,20.803162513024628,32.13310543169096,57.217925472037386
0.864,2.167253162357504,20.874590933931746,32.13310543169096,57.56875020707002
0.865,2.165171871774854,20.874590933931746,32.13310543169096,57.56875020707002
0.866,2.16083433250241,20.97217825080226,32.13310543169096,57.85432856645263
0.867,2.151523331961064,21.084721086960357,30.593450732819672,57.85432856645263
0.868,2.14441085120053,21.084721086960357,30.593450732819672,58.119580871847695
0.869,2.1460288662262994,19.390318079469615,30.593450732819672,58.119580871847695
0.87,2.1486475980921287,19.48612629366049,30.593450732819672,56.83847126851905
0.871,2.1551571241633036,19.48612629366049,30.819597355631853,56.83847126851905
0.872,2.143922894919627,19.58334919896653,30.819597355631853,57.1567813945204
0.873,2.1454885836855513,19.68839211963959,30.819597355631853,57.445387909264916
0.874,2.1255577132463825,19.68839211963959,30.819597355631853,57.445387909264916
0.875,2.1266991674567093,19.244219230457578,31.139258494598078,57.635708853414016
0.876,2.1258630965928718,19.34775349169162,31.139258494598078,57.635708853414016
0.877,2.1211086058064783,19.437041770399794,31.139258494598078,57.98667183526582
0.878,2.1215423110728446,19.437041770399794,31.139258494598078,57.98667183526582
0.879,2.122508850607407,19.54090759810029,31.139258494598078,58.022450679726646
0.88,2.126025906900743,19.65217066471738,31.41339073065934,57.52564670314381
0.881,2.128540668201774,19.65217066471738,31.41339073065934,57.52564670314381
0.882,2.122503712697956,19.751376157575365,31.41339073065934,57.88549540915885
0.883,2.1279458265387374,19.61491163737144,31.41339073065934,57.88549540915885
0.884,2.118053498393032,19.61491163737144,31.96624531169402,57.88781065691716
0.885,2.1218001849093255,19.730282364674036,31.96624531169402,57.88781065691716
0.886,2.0904050858535563,19.844975270825906,31.96624531169402,56.92940465610415
0.887,2.0924869816875873,19.844975270825906,31.96624531169402,57.368081072489616
0.888,2.0922663141557876,19.646023686296175,32.54152896370004,57.368081072489616
0.889,2.0922782090693612,19.7731833153117,32.54152896370004,57.59945995125349
0.89,2.0780670568582966,19.7731833153117,32.54152896370004,57.59945995125349
0.891,2.071817194012354,19.897459362524145,32.54152896370004,57.76023453927096
0.892,2.0729205268972213,20.029191096223656,32.756489957320824,57.76023453927096
0.893,2.079337230719369,19.871922467487327,32.756489957320824,57.932530592172405
0.894,2.0706279415039486,19.871922467487327,32.756489957320824,58.38063263432711
0.895,2.0703282105791736,20.006420625741093,32.756489957320824,58.38063263432711
0.896,2.0704329074294674,19.974243465961408,33.11457792749176,58.82963076590562
0.897,2.0698053063297324,19.974243465961408,33.11457792749176,58.82963076590562
0.898,2.050205953603939,19.839502440535902,33.11457792749176,59.29807930404357
0.899,2.0509710160655867,19.86883737537833,33.11457792749176,59.29807930404357
0.9,2.051602046374755,19.86883737537833,33.7238245269793,59.75886543133032
0.901,2.043051013561215,19.846542488685177,33.7238245269793,59.75886543133032
0.902,2.0472118598746745,19.742308936921617,33.7238245269793,59.668965275091644
0.903,2.043273526860919,19.742308936921617,33.7238245269793,60.20519301053682
0.904,2.0417703080089527,19.769548109273927,33.7238245269793,60.20519301053682
0.905,2.047642354082933,19.744222035664706,31.242868322418982,58.87273799873687
0.906,2.0355174143491994,19.89356413608623,31.242868322418982,58.87273799873687
0.907,2.036975859063449,19.89356413608623,31.242868322418982,58.47560724501077
0.908,2.044548316229748,19.946539183777894,31.242868322418982,58.47560724501077
0.909,2.0248544790419296,20.102508772592138,31.91683732971526,59.03256923578946
0.91,2.0161106935050297,20.102508772592138,31.91683732971526,59.58875982331877
0.911,2.010360658947398,20.263837449423807,31.91683732971526,59.58875982331877
0.912,2.004405812158345,20.428913304105166,31.91683732971526,59.64694743447287
0.913,2.0083793677145625,20.428913304105166,32.65747525054133,59.64694743447287
0.914,2.0029484549827727,20.598450651398494,32.65747525054133,59.51430394624487
0.915,2.000671205681897,20.757022091287507,32.65747525054133,59.51430394624487
0.916,1.9998118626789945,20.757022091287507,32.65747525054133,60.12416983754875
0.917,2.001861466611454,20.836975152333714,33.445457584029604,60.633810488252685
0.918,2.0077478616685513,21.00826859132535,33.445457584029604,60.633810488252685
0.919,2.00926063075739,21.19501187124578,33.445457584029604,60.28784915028368
0.92,1.9992748767512465,21.19501187124578,33.445457584029604,60.28784915028368
0.921,2.0043662823187947,21.377155718549503,30.75687936954809,60.94049052014136
0.922,1.9906293038005702,20.93647266307094,30.75687936954809,60.94049052014136
0.923,1.9884146848205349,20.93647266307094,30.75687936954809,61.47319232616923
0.924,1.9782185346520968,21.07895155526734,30.75687936954809,61.47319232616923
0.925,1.9789203304883047,21.274572366030988,31.59779094827311,62.14689493296027
0.926,1.9849130419097563,21.274572366030988,31.59779094827311,62.781501363266514
0.927,1.9762721752380545,21.481364339858782,31.59779094827311,62.781501363266514
0.928,1.9736388206306712,21.64036983398633,31.59779094827311,63.30608501525407
0.929,1.9780127384586748,21.64036983398633,31.59779094827311,63.30608501525407
0.93,1.973900839169176,21.852924774771495,32.510394848396096,64.03522807334238
0.931,1.977352419788913,21.88727256139395,32.510394848396096,64.03522807334238
0.932,1.9566357811517483,22.118455711299088,32.510394848396096,64.50289220286676
0.933,1.9644340717174211,22.118455711299088,32.510394848396096,65.22478013688956
0.934,1.9786150300873082,22.282398342226518,33.490430985350656,65.22478013688956
0.935,1.9762609670306779,22.526631499259196,33.490430985350656,66.08772030698273
0.936,1.9866735203713686,22.526631499259196,33.490430985350656,66.08772030698273
0.937,1.9844816840606838,22.687544806856028,33.490430985350656,66.7864258350897
0.9380000000000001,1.9756011813769254,22.934460414907736,32.292020350725394,66.7864258350897
0.9390000000000001,1.9557335814109236,22.934460414907736,32.292020350725394,66.8044215492429
0.9400000000000001,1.9289344953855267,23.202767585617703,32.292020350725394,66.89561277729618
0.9410000000000001,1.9221574916805502,19.220619333357284,32.292020350725394,66.89561277729618
0.9420000000000001,1.9353415896051434,19.220619333357284,33.099668506995435,67.45764124777519
0.9430000000000001,1.9217227204303955,19.38806538455894,33.099668506995435,67.45764124777519
0.9440000000000001,1.9234332458110825,19.634605414471242,33.099668506995435,55.59687255544593
0.9450000000000001,1.9155596135681137,19.634605414471242,33.099668506995435,55.59687255544593
0.9460000000000001,1.9198883835940064,19.884218516400864,33.786499578302724,56.423017513480566
0.9470000000000001,1.9172160577310258,20.074562553712557,33.786499578302724,57.35565820586167
0.9480000000000001,1.9235644385833373,20.287222963150107,33.786499578302724,57.35565820586167
0.9490000000000001,1.9276750932655777,20.287222963150107,33.786499578302724,56.45884323580409
0.9500000000000001,1.8969221195238926,18.214831738840548,34.80390499561961,56.45884323580409
0.9510000000000001,1.905960858445009,18.31013475483395,34.80390499561961,50.347506484186724
0.9520000000000001,1.9133132740049132,18.31013475483395,34.80390499561961,50.347506484186724
0.9530000000000001,1.885803220453448,18.579735326993973,34.80390499561961,50.26788627824239
0.9540000000000001,1.886234441926679,18.65326296920826,34.80390499561961,50.26788627824239
0.9550000000000001,1.8832886018862427,18.65326296920826,36.000806708801115,51.224211075260385
0.9560000000000001,1.8829435925581706,18.85534345273238,36.000806708801115,51.01933743447908
0.9570000000000001,1.9023228434391324,18.797463435450208,36.000806708801115,51.01933743447908
0.9580000000000001,1.906869041770931,18.797463435450208,36.000806708801115,52.06982162730463
0.9590000000000001,1.9080561169045038,19.099504369642226,35.80080052714219,52.06982162730463
0.96,1.9012204983442171,18.302734444593227,35.80080052714219,53.16004499818268
0.961,1.8999383385975501,18.629105012881094,35.80080052714219,53.16004499818268
0.962,1.870468132200045,18.629105012881094,35.80080052714219,53.945947812154856
0.963,1.8818648427999558,17.089976048778393,37.272313737723856,55.151876726529366
0.964,1.8264816853437247,17.048671652129144,37.272313737723856,55.151876726529366
0.965,1.8191953989787093,17.048671652129144,37.272313737723856,53.45489531044998
0.966,1.795646716360792,17.351922266187543,37.272313737723856,53.45489531044998
0.967,1.7796905076574119,17.723059828958878,39.52261150027087,54.755590749933546
0.968,1.7653734691911767,17.723059828958878,39.52261150027087,54.755590749933546
0.969,1.7492560210995944,17.90745505625528,39.52261150027087,55.943515835849475
0.97,1.7712714324323349,18.29035236466324,39.52261150027087,54.131282552250056
0.971,1.7769774358272903,18.29035236466324,41.52271690513065,54.131282552250056
0.972,1.7920873530337809,18.7261003660652,41.52271690513065,49.67120284300809
0.973,1.7949722223300926,19.154228336892707,41.52271690513065,49.67120284300809
0.974,1.8004749717393163,19.360561889250608,41.52271690513065,50.90376953431433
0.975,1.8157216603831507,19.360561889250608,44.04530589283952,50.90376953431433
0.976,1.8002191854224172,19.921090681233874,44.04530589283952,50.88369403303592
0.977,1.823551233678804,20.316869953047608,44.04530589283952,50.88369403303592
0.978,1.7732960477756774,20.316869953047608,44.04530589283952,51.94840939556153
0.979,1.803303081227251,20.9831723802797,44.04530589283952,52.97271900040301
0.98,1.7921156274205656,21.550556740286577,46.12597756777136,52.97271900040301
0.981,1.6551835248978037,21.550556740286577,46.12597756777136,48.8601860699873
0.982,1.600803653076803,22.016213655206275,46.12597756777136,48.8601860699873
0.983,1.531924506062817,22.89566255255888,46.12597756777136,47.79618776388116
0.984,1.4621593500188514,22.89566255255888,45.01763038106028,47.79618776388116
0.985,1.4276801541200423,23.784407300375925,45.01763038106028,47.77247312996827
0.986,1.4597656180201788,24.945148166629753,45.01763038106028,48.881587573590764
0.987,1.4617160283883548,23.86581434352323,45.01763038106028,48.881587573590764
0.988,1.4703933986684776,23.86581434352323,17.181156544824443,47.34575852553746
0.989,1.4809702228228232,23.133647669333147,17.181156544824443,47.34575852553746
0.99,1.4453460881284037,23.917609483909175,17.181156544824443,51.13844817440969
0.991,1.2318633934788639,23.917609483909175,17.181156544824443,51.13844817440969
0.992,1.2012568659781182,25.833969119082433,15.7621155213053,52.81914745069753
0.993,1.143422325959321,28.29834634175756,15.7621155213053,57.79644105634632
0.994,1.0864752758794587,28.29834634175756,15.7621155213053,57.79644105634632
0.995,1.0921052119863575,31.258203242678366,15.7621155213053,53.73903364809501
0.996,1.117756096277866,35.01826453810045,22.271663665771484,53.73903364809501
0.997,1.055953661471291,35.01826453810045,22.271663665771484,65.78736003940047
0.998,1.1441589823267717,40.567711979470594,22.271663665771484,65.78736003940047
0.999,0.9487249780585425,14.650135040283203,22.271663665771484,72.93144881229003
