Sparsification fractions,Ensemble_rmse_values_Train,Ensemble_rmse_values_Test,Ensemble_rmse_values_OOD_EXP,Ensemble_rmse_values_OOD_MD
0.0,3.7633286,29.15547307492303,37.41364619884297,74.91419904662864
0.001,3.7260494,29.15547307492303,37.41364619884297,74.91419904662864
0.002,3.7163017,29.14466152195342,37.41364619884297,74.96240237501304
0.003,3.7129126,29.143988410910442,37.41364619884297,74.96240237501304
0.004,3.7075498,29.143988410910442,37.41364619884297,74.4415386654731
0.005,3.707666,29.153381863709786,37.09241747250328,74.4415386654731
0.006,3.6662524,29.117583710926095,37.09241747250328,73.97007216519167
0.007,3.6669686,29.117583710926095,37.09241747250328,73.97007216519167
0.008,3.6683445,29.048085100022178,37.09241747250328,74.02779126150217
0.009000000000000001,3.6605613,29.06476664551791,36.64302843903655,73.89053790024613
0.01,3.6592407,29.06476664551791,36.64302843903655,73.89053790024613
0.011,3.6333752,29.075868766048465,36.64302843903655,73.91981144860772
0.012,3.6288345,29.09702031698976,36.64302843903655,73.91981144860772
0.013000000000000001,3.630055,29.09702031698976,36.3080602541547,73.92900985659922
0.014,3.6239364,29.044664651886468,36.3080602541547,73.92900985659922
0.015,3.6121619,29.06452347097198,36.3080602541547,73.8474521677909
0.016,3.6122742,29.00091251170646,36.3080602541547,73.49821252816976
0.017,3.6124883,29.00091251170646,35.61341219959594,73.49821252816976
0.018000000000000002,3.6013513,29.005805552836854,35.61341219959594,73.5628925341075
0.019,3.589068,29.025074024572362,35.61341219959594,73.5628925341075
0.02,3.5824468,29.025074024572362,35.61341219959594,73.62897378486223
0.021,3.581928,28.91234553288873,35.68034504530252,73.62897378486223
0.022,3.5454586,28.931036427417585,35.68034504530252,73.32929382236597
0.023,3.5375776,28.931036427417585,35.68034504530252,73.21889330169486
0.024,3.5381978,28.872488806134417,35.68034504530252,73.21889330169486
0.025,3.5387206,28.759569027212123,35.751920977952246,73.22231860216876
0.026000000000000002,3.5140998,28.759569027212123,35.751920977952246,73.22231860216876
0.027,3.5074594,28.737896335840073,35.751920977952246,73.28866381042091
0.028,3.4604402,28.759154033652134,35.751920977952246,73.28866381042091
0.029,3.4058077,28.765490297330782,35.751920977952246,72.91117251131466
0.03,3.4053295,28.765490297330782,35.49527761144496,72.91117251131466
0.031,3.4064305,28.60874919522877,35.49527761144496,72.7200306799663
0.032,3.3921134,28.555928556209274,35.49527761144496,72.58897246689384
0.033,3.3917637,28.555928556209274,35.49527761144496,72.58897246689384
0.034,3.3929203,28.469603993687958,35.5553829639516,72.63431241090136
0.035,3.2894025,28.306492714552864,35.5553829639516,72.63431241090136
0.036000000000000004,3.2905478,28.306492714552864,35.5553829639516,72.70076602576486
0.037,3.2844527,28.284965207469412,35.5553829639516,72.70076602576486
0.038,3.2590845,28.306127692460425,35.613861243122386,72.70544634393835
0.039,3.260001,28.306127692460425,35.613861243122386,72.77220115131297
0.04,3.2079828,28.326147670495253,35.613861243122386,72.77220115131297
0.041,3.1612418,28.26459026133355,35.613861243122386,72.82954838549617
0.042,3.1618593,28.274923094280645,35.644220048904074,72.82954838549617
0.043000000000000003,3.162514,28.274923094280645,35.644220048904074,72.89230907130137
0.044,3.1117663,28.277666346833488,35.644220048904074,72.89230907130137
0.045,3.1126711,28.277138566873695,35.644220048904074,72.95462844935028
0.046,3.1126342,28.277138566873695,35.72119279365584,72.95129284396079
0.047,3.111611,28.136075420919845,35.72119279365584,72.95129284396079
0.048,3.0361934,28.151844639221867,35.72119279365584,73.01651719276163
0.049,3.0372977,28.151844639221867,35.72119279365584,73.01651719276163
0.05,3.038254,28.14208789869935,35.7733051877131,73.05971342923837
0.051000000000000004,3.0392396,28.143647319550762,35.7733051877131,73.05971342923837
0.052000000000000005,2.8163218,28.143647319550762,35.7733051877131,73.12770301776246
0.053,2.815934,28.15628509382721,35.7733051877131,73.12770301776246
0.054,2.816499,28.138452014216877,35.7733051877131,73.1958773561733
0.055,2.8156393,28.158754856360794,35.803433267936356,73.18001871095986
0.056,2.8159742,28.158754856360794,35.803433267936356,73.18001871095986
0.057,2.8164892,28.088199512596628,35.803433267936356,73.16498247574587
0.058,2.8167498,28.039079692015306,35.803433267936356,73.16498247574587
0.059000000000000004,2.8103933,28.039079692015306,35.833802300240194,73.02128471358988
0.06,2.7930954,28.05721292897506,35.833802300240194,73.02128471358988
0.061,2.7925394,28.06673560263366,35.833802300240194,73.08984819227365
0.062,2.7923102,28.06673560263366,35.833802300240194,73.11047554344677
0.063,2.7930043,28.081164394862146,35.913319073456734,73.11047554344677
0.064,2.7935302,28.09218790345147,35.913319073456734,73.17842265478177
0.065,2.7921712,28.09218790345147,35.913319073456734,73.17842265478177
0.066,2.793138,28.03833770097084,35.913319073456734,73.2405084177253
0.067,2.793622,28.05207159691502,35.90335480824465,73.2405084177253
0.068,2.794755,28.05207159691502,35.90335480824465,73.30977767320502
0.069,2.7962453,28.060416506682007,35.90335480824465,73.17775169015988
0.07,2.7958317,28.06455628758816,35.90335480824465,73.17775169015988
0.07100000000000001,2.7963579,28.05776541364396,35.89329837394193,73.18728019558152
0.07200000000000001,2.7972627,28.05776541364396,35.89329837394193,73.18728019558152
0.073,2.785601,28.07956789450517,35.89329837394193,73.24031766487083
0.074,2.7739007,27.81288018480673,35.89329837394193,73.24031766487083
0.075,2.7749636,27.81288018480673,35.89361884640658,73.30691422665748
0.076,2.7751925,27.771481589183484,35.89361884640658,73.37692704803669
0.077,2.755297,27.792597714020566,35.89361884640658,73.37692704803669
0.078,2.7510219,27.792597714020566,35.89361884640658,72.87106793094823
0.079,2.7492266,27.814375009476024,35.89361884640658,72.87106793094823
0.08,2.7490768,27.752428103505913,35.950711560726894,72.88687726213148
0.081,2.7489133,27.752428103505913,35.950711560726894,72.88687726213148
0.082,2.7502806,27.75036569826652,35.950711560726894,72.88896456956532
0.083,2.749908,27.624248136273827,35.950711560726894,72.88896456956532
0.084,2.750879,27.589510306779825,36.00021600604421,72.95500014875513
0.085,2.7509313,27.589510306779825,36.00021600604421,73.00411276246565
0.08600000000000001,2.7513816,27.591546762733444,36.00021600604421,73.00411276246565
0.08700000000000001,2.7515593,27.596170000781456,36.00021600604421,72.9987378181093
0.088,2.751314,27.596170000781456,36.08200903953436,72.9987378181093
0.089,2.7507443,27.603668793410066,36.08200903953436,72.97642287793693
0.09,2.7506187,27.569443776762917,36.08200903953436,72.97642287793693
0.091,2.7484188,27.569443776762917,36.08200903953436,73.02219247231939
0.092,2.7496192,27.589574568929578,35.87257712105159,72.88499163291335
0.093,2.750447,27.508012843758582,35.87257712105159,72.88499163291335
0.094,2.7514718,27.508012843758582,35.87257712105159,72.90238941411467
0.095,2.74966,27.484974509592575,35.87257712105159,72.90238941411467
0.096,2.750873,27.499980267286258,35.94336251982958,72.97058597267984
0.097,2.7519748,27.521030543293268,35.94336251982958,72.97058597267984
0.098,2.753554,27.521030543293268,35.94336251982958,73.04193845186526
0.099,2.7539263,27.54287512680117,35.94336251982958,73.11322073561281
0.1,2.7550411,27.552376218458566,35.72820474414486,73.11322073561281
0.101,2.751214,27.552376218458566,35.72820474414486,73.13304454693274
0.10200000000000001,2.7501984,27.574514332344055,35.72820474414486,73.13304454693274
0.10300000000000001,2.7513251,27.595976819408524,35.72820474414486,73.02958063541583
0.10400000000000001,2.7356002,27.595976819408524,35.72820474414486,73.02958063541583
0.105,2.7360709,27.61204494464887,35.75273795270742,73.10073945995606
0.106,2.735842,27.62458454148439,35.75273795270742,73.10073945995606
0.107,2.7363987,27.62458454148439,35.75273795270742,73.17290242936028
0.108,2.7373407,27.645883343407018,35.75273795270742,73.09479290341986
0.109,2.7379115,27.667665687297433,35.77748338420394,73.09479290341986
0.11,2.7281704,27.689701703875045,35.77748338420394,73.16724056957398
0.111,2.7246644,27.689701703875045,35.77748338420394,73.16724056957398
0.112,2.7252855,27.712158671258777,35.77748338420394,73.15171507378163
0.113,2.7266104,27.73370847385764,35.85465616782062,73.15171507378163
0.114,2.7273598,27.73370847385764,35.85465616782062,73.20527316476579
0.115,2.7281237,27.714793223267257,35.85465616782062,73.22242090485665
0.116,2.7292411,27.72269181703456,35.85465616782062,73.22242090485665
0.117,2.730158,27.72269181703456,35.90707549879461,73.29552777978822
0.11800000000000001,2.7306528,27.741371141604787,35.90707549879461,73.29552777978822
0.11900000000000001,2.7315714,27.724237584837784,35.90707549879461,73.34479384383741
0.12,2.7326503,27.724237584837784,35.90707549879461,73.34479384383741
0.121,2.7333982,27.729478220316036,35.797063962125385,73.27243417893561
0.122,2.7338355,27.665192201554422,35.797063962125385,73.19364897750091
0.123,2.7332327,27.665192201554422,35.797063962125385,73.19364897750091
0.124,2.7340214,27.687600901063384,35.797063962125385,73.20975907918698
0.125,2.7348874,27.69876094906906,35.760703674780764,73.20975907918698
0.126,2.7361042,27.71756873194216,35.760703674780764,73.26987813871612
0.127,2.7369134,27.71756873194216,35.760703674780764,73.26987813871612
0.128,2.7375886,27.738523750847115,35.760703674780764,73.33363994160865
0.129,2.7382424,27.75207977272405,35.760703674780764,73.40797535087749
0.13,2.7388487,27.75207977272405,35.84586201485567,73.40797535087749
0.131,2.7387462,27.534700463677826,35.84586201485567,73.4708626292671
0.132,2.7344117,27.549851209503313,35.84586201485567,73.4708626292671
0.133,2.7329078,27.549851209503313,35.84586201485567,73.34115509870485
0.134,2.733669,27.569844994483812,35.409569255941314,73.34115509870485
0.135,2.7342265,27.549120200464888,35.409569255941314,73.23483550270537
0.136,2.7269151,27.549120200464888,35.409569255941314,73.23483550270537
0.137,2.726204,27.570746370202258,35.409569255941314,73.29796410239251
0.138,2.6951144,27.56018900336769,35.37765477057004,73.03225556668426
0.139,2.6946406,27.527931478973063,35.37765477057004,73.03225556668426
0.14,2.686115,27.527931478973063,35.37765477057004,73.03875419344598
0.14100000000000001,2.6871045,27.056134246245293,35.37765477057004,73.03875419344598
0.14200000000000002,2.687813,27.065476405800958,35.4424731225848,73.10544598977468
0.14300000000000002,2.6880803,27.065476405800958,35.4424731225848,73.10544598977468
0.14400000000000002,2.6866217,26.98552684717953,35.4424731225848,73.17254583796012
0.145,2.6876054,27.00195069537085,35.4424731225848,73.20220159774635
0.146,2.6879404,27.00195069537085,35.052814521247754,73.20220159774635
0.147,2.689022,27.021669966445934,35.052814521247754,73.16523769022868
0.148,2.679863,27.025859769313815,35.052814521247754,73.16523769022868
0.149,2.6807208,27.025859769313815,35.052814521247754,73.06794383971459
0.15,2.6811855,27.012965956751316,35.115498359091156,73.06794383971459
0.151,2.6820853,26.493200668144375,35.115498359091156,72.81707202559691
0.152,2.68334,26.425152289682313,35.115498359091156,72.60259561535896
0.153,2.6828609,26.425152289682313,35.115498359091156,72.60259561535896
0.154,2.680104,26.43757868958153,35.115498359091156,72.3842186606427
0.155,2.6812005,26.457941000572617,35.15259009802762,72.3842186606427
0.156,2.6825564,26.457941000572617,35.15259009802762,72.40611523040465
0.157,2.6831636,26.404162659573792,35.15259009802762,72.40611523040465
0.158,2.6840942,26.417925446389305,35.15259009802762,72.1293034699108
0.159,2.6854713,26.417925446389305,35.229375610001675,72.1293034699108
0.16,2.6861734,26.436558208722676,35.229375610001675,72.12546645249596
0.161,2.686661,26.429761395067715,35.229375610001675,71.44907547102258
0.162,2.6868086,26.429761395067715,35.229375610001675,71.44907547102258
0.163,2.6874948,26.438901410133447,35.290983264209245,71.52397867081518
0.164,2.6846979,26.461442617595047,35.290983264209245,71.52397867081518
0.165,2.6793303,26.38924706085229,35.290983264209245,71.35218139727074
0.166,2.6806662,26.38924706085229,35.290983264209245,71.35218139727074
0.167,2.681546,26.29075969111828,35.08805354297475,71.34016649356539
0.168,2.673909,26.277941856706644,35.08805354297475,71.38610098856694
0.169,2.6752036,26.277941856706644,35.08805354297475,71.38610098856694
0.17,2.6763315,26.300789418894688,35.08805354297475,71.46166226086746
0.171,2.6747863,26.288703902931207,34.895178553039564,71.46166226086746
0.17200000000000001,2.6748385,26.288703902931207,34.895178553039564,71.52118219510574
0.17300000000000001,2.6753426,26.308311352123408,34.895178553039564,71.52118219510574
0.17400000000000002,2.6764867,26.326855566896256,34.895178553039564,71.54418108498021
0.17500000000000002,2.6758564,26.326855566896256,34.98249667522246,71.57462663097616
0.176,2.6697166,26.349440172656916,34.98249667522246,71.57462663097616
0.177,2.6709414,26.37062045018993,34.98249667522246,71.13225134517594
0.178,2.6461065,26.37062045018993,34.98249667522246,71.13225134517594
0.179,2.64715,26.384807474845275,34.98249667522246,71.208512188426
0.18,2.6473653,26.39924070145287,35.05106923919879,71.208512188426
0.181,2.6448746,26.397057804132274,35.05106923919879,71.2271330657677
0.182,2.645695,26.397057804132274,35.05106923919879,71.28024697021151
0.183,2.645739,26.303978104660168,35.05106923919879,71.28024697021151
0.184,2.6461775,26.327272043319184,35.120205578553325,71.18310294342831
0.185,2.647389,26.327272043319184,35.120205578553325,71.18310294342831
0.186,2.6478424,26.34665094820969,35.120205578553325,71.15419142617856
0.187,2.6491628,26.339091631452877,35.120205578553325,71.15419142617856
0.188,2.64902,26.339091631452877,34.95936053216295,70.93708148347449
0.189,2.6493585,26.314503140435388,34.95936053216295,70.93708148347449
0.19,2.650729,26.33600297063548,34.95936053216295,70.98078508458725
0.191,2.6512494,26.33600297063548,34.95936053216295,71.00338487973839
0.192,2.652162,26.352422303943847,35.00897351828545,71.00338487973839
0.193,2.6536603,26.32504628543057,35.00897351828545,71.05260528321791
0.194,2.6549673,26.07568473188249,35.00897351828545,71.05260528321791
0.195,2.6564198,26.07568473188249,35.00897351828545,70.77304732858225
0.196,2.6575208,26.096947217127553,35.07122340291409,70.77304732858225
0.197,2.6574569,26.10532729959321,35.07122340291409,70.74784033510129
0.198,2.6584408,26.10532729959321,35.07122340291409,70.82302494549617
0.199,2.658789,26.127950201591748,35.07122340291409,70.82302494549617
0.2,2.6601515,26.14339428160609,35.15358353820335,70.7784308831771
0.201,2.657734,26.14339428160609,35.15358353820335,70.7784308831771
0.202,2.658834,26.113529129543544,35.15358353820335,70.81647323841588
0.203,2.658947,25.8991391698536,35.15358353820335,70.81647323841588
0.20400000000000001,2.6592796,25.8991391698536,35.15358353820335,70.85732062282683
0.20500000000000002,2.6601658,25.89599639616388,35.197549800495196,70.82071720885233
0.20600000000000002,2.661681,25.900511871400496,35.197549800495196,70.82071720885233
0.20700000000000002,2.6613462,25.921804866857563,35.197549800495196,70.66903377549852
0.20800000000000002,2.662293,25.921804866857563,35.197549800495196,70.66903377549852
0.209,2.6635866,25.907521721603022,35.04694330928801,70.7457835577301
0.21,2.6640062,25.89487062281816,35.04694330928801,70.7457835577301
0.211,2.6629703,25.89487062281816,35.04694330928801,70.80699160654751
0.212,2.6484308,25.914023509604043,35.04694330928801,70.80699160654751
0.213,2.6491215,25.44504357197084,34.604206489948716,70.79687889453179
0.214,2.6463082,25.44504357197084,34.604206489948716,70.8615896270582
0.215,2.6462862,25.465040389597867,34.604206489948716,70.8615896270582
0.216,2.6473315,25.48681114661309,34.604206489948716,70.93895318331357
0.217,2.6468344,25.48681114661309,33.906734350194164,70.93895318331357
0.218,2.6484106,25.30812114492868,33.906734350194164,70.74244672842026
0.219,2.64891,25.295695721705915,33.906734350194164,70.74244672842026
0.22,2.6493914,25.248173274383355,33.906734350194164,70.718590347181
0.221,2.6503453,25.248173274383355,33.9522516604421,70.78687697062442
0.222,2.651124,25.20961960751641,33.9522516604421,70.78687697062442
0.223,2.6522996,25.229102591224382,33.9522516604421,70.85000637018251
0.224,2.6528845,25.229102591224382,33.9522516604421,70.85000637018251
0.225,2.6506197,25.127798401402533,33.9004545161915,70.92798409427917
0.226,2.6455367,25.111675475811534,33.9004545161915,70.92798409427917
0.227,2.6460373,25.111675475811534,33.9004545161915,70.9815501091359
0.228,2.6470864,25.097205085784115,33.9004545161915,71.05088109215416
0.229,2.648738,25.119763470936622,33.9004545161915,71.05088109215416
0.23,2.649708,25.119763470936622,33.84801684846691,70.81307193402667
0.231,2.6514192,24.86180169180355,33.84801684846691,70.81307193402667
0.232,2.652851,24.884228241618775,33.84801684846691,70.8934126086502
0.233,2.6540213,24.907540329587153,33.84801684846691,70.8934126086502
0.234,2.654968,24.907540329587153,33.74420153658894,70.9699805144079
0.23500000000000001,2.6485662,24.895545951043353,33.74420153658894,70.6380496237631
0.23600000000000002,2.6498144,24.918730447385702,33.74420153658894,70.6380496237631
0.23700000000000002,2.6498997,24.918730447385702,33.74420153658894,70.71851062019634
0.23800000000000002,2.6502938,24.8466757680667,33.83499293353269,70.71851062019634
0.23900000000000002,2.6505003,24.833623068340405,33.83499293353269,70.7721834043585
0.24,2.651816,24.833623068340405,33.83499293353269,70.7721834043585
0.241,2.6530046,23.281214144701927,33.83499293353269,70.81804516062337
0.242,2.653568,23.29872099194102,33.851430601533636,70.81804516062337
0.243,2.65484,23.29872099194102,33.851430601533636,70.75179070952596
0.244,2.6545763,23.31972833778122,33.851430601533636,70.79889067195462
0.245,2.6540883,23.269343449259402,33.851430601533636,70.79889067195462
0.246,2.6556425,23.269343449259402,33.91232484693367,70.57816035485448
0.247,2.6556766,23.289531376674127,33.91232484693367,70.57816035485448
0.248,2.6569812,23.27296064773274,33.91232484693367,70.66077959060028
0.249,2.6574702,23.235884295867578,33.91232484693367,70.66077959060028
0.25,2.658534,23.235884295867578,34.00637992960222,70.70062363207111
0.251,2.6597397,23.238421265141895,34.00637992960222,70.78287536958479
0.252,2.6604216,23.25530879421864,34.00637992960222,70.78287536958479
0.253,2.6597908,23.25530879421864,34.00637992960222,70.83919147618515
0.254,2.6614454,23.277106621541048,34.00637992960222,70.83919147618515
0.255,2.6627152,23.270519688038533,34.10116533429646,70.74959281601927
0.256,2.663297,23.270519688038533,34.10116533429646,70.74959281601927
0.257,2.6632783,23.26485655031351,34.10116533429646,70.8237557198901
0.258,2.664578,23.285866867250807,34.10116533429646,70.8723379555251
0.259,2.665385,23.285866867250807,33.94954630236362,70.8723379555251
0.26,2.666811,23.302550062092884,33.94954630236362,70.95660143552985
0.261,2.6680994,23.32404949606103,33.94954630236362,70.95660143552985
0.262,2.6693985,23.31846200691923,33.94954630236362,70.56979266065673
0.263,2.670878,23.31846200691923,33.968886361735656,70.56979266065673
0.264,2.6722932,23.34099985177865,33.968886361735656,70.63798002440353
0.265,2.6717174,23.32066367517781,33.968886361735656,70.63798002440353
0.266,2.6729164,23.32066367517781,33.968886361735656,70.64898845527443
0.267,2.6745853,23.066779421175166,34.059100820557454,70.5533168651306
0.268,2.6758392,23.088159525283906,34.059100820557454,70.5533168651306
0.269,2.67556,23.088159525283906,34.059100820557454,70.62720451650448
0.27,2.6761615,23.0880540007424,34.059100820557454,70.62720451650448
0.271,2.6771681,23.102235977508954,34.15627299500853,70.7107355676416
0.272,2.6787992,23.102235977508954,34.15627299500853,70.7107355676416
0.273,2.680509,23.124356014212626,34.15627299500853,70.75564556695886
0.274,2.6817958,23.144262289950895,34.15627299500853,68.62458886926194
0.275,2.6831346,23.142646783064464,34.25428166426707,68.62458886926194
0.276,2.683973,23.142646783064464,34.25428166426707,68.08015159879729
0.277,2.6851497,23.165675591005918,34.25428166426707,68.08015159879729
0.278,2.6863737,23.176420935286867,34.25428166426707,68.12477804335957
0.279,2.6868231,23.176420935286867,34.25428166426707,68.12477804335957
0.28,2.6872125,23.193603724727232,34.3479367533849,68.04449218081793
0.281,2.688235,23.194537256927227,34.3479367533849,67.4558191006511
0.28200000000000003,2.6894336,23.194537256927227,34.3479367533849,67.4558191006511
0.28300000000000003,2.690892,23.133720640961727,34.3479367533849,67.53753453269981
0.28400000000000003,2.6886983,23.153817017224398,34.43736760065318,67.53753453269981
0.28500000000000003,2.689043,23.153817017224398,34.43736760065318,67.57343647984312
0.28600000000000003,2.6904798,23.177194116140214,34.43736760065318,67.57343647984312
0.28700000000000003,2.6909192,23.200472710360422,34.43736760065318,67.6476015190411
0.28800000000000003,2.6921377,23.150294079877334,34.08821573739718,67.353750499729
0.289,2.6934373,23.150294079877334,34.08821573739718,67.353750499729
0.29,2.6946356,23.173181102533846,34.08821573739718,67.32883366869945
0.291,2.695563,23.186643654265083,34.08821573739718,67.32883366869945
0.292,2.6966708,23.186643654265083,34.09453305677936,67.18925241456388
0.293,2.6977909,23.146148840917782,34.09453305677936,67.18925241456388
0.294,2.6984334,23.167314996183617,34.09453305677936,67.03978222145155
0.295,2.6992185,23.167314996183617,34.09453305677936,67.03978222145155
0.296,2.7008662,23.17339160139847,34.100923946174824,67.0350271064787
0.297,2.7022746,23.196952730688547,34.100923946174824,66.95479968114722
0.298,2.7036035,23.196952730688547,34.100923946174824,66.95479968114722
0.299,2.7052093,23.219122744203652,34.100923946174824,67.01126239910124
0.3,2.7070036,23.161867810836135,33.99515377107168,67.01126239910124
0.301,2.70768,23.161867810836135,33.99515377107168,67.08255349564311
0.302,2.708959,23.18290175526627,33.99515377107168,67.08255349564311
0.303,2.7104502,23.18795244642702,33.99515377107168,67.15168603122949
0.304,2.7117107,23.21180336692869,33.99515377107168,67.11715594304573
0.305,2.7132907,23.21180336692869,34.06519403996418,67.11715594304573
0.306,2.7138486,23.196863930083495,34.06519403996418,66.80045597648768
0.307,2.7156785,23.175251421369268,34.06519403996418,66.80045597648768
0.308,2.7172625,23.175251421369268,34.06519403996418,66.80851064087469
0.309,2.7184837,23.199260923292464,34.16302011027868,66.80851064087469
0.31,2.7194476,23.21468839309859,34.16302011027868,66.89065696599467
0.311,2.72145,23.21468839309859,34.16302011027868,66.56322543100991
0.312,2.7228549,23.201919849691475,34.16302011027868,66.56322543100991
0.313,2.7245586,23.212849423803032,34.0813234090708,66.47529701650039
0.314,2.724029,23.212849423803032,34.0813234090708,66.47529701650039
0.315,2.725232,23.23725470259025,34.0813234090708,66.31370535479424
0.316,2.7267144,23.07056824364466,34.0813234090708,66.31370535479424
0.317,2.7280478,23.09295415879484,34.040532356966246,66.33711223970916
0.318,2.7293894,23.09295415879484,34.040532356966246,66.33711223970916
0.319,2.729509,23.110214637221773,34.040532356966246,66.04731596775828
0.32,2.731425,23.126994054866817,34.040532356966246,65.76580392523007
0.321,2.7322206,23.126994054866817,33.35362939901821,65.76580392523007
0.322,2.7342,23.128885331754518,33.35362939901821,65.84823957335048
0.323,2.7350478,23.08241017529092,33.35362939901821,65.84823957335048
0.324,2.7362494,23.08241017529092,33.35362939901821,65.9107533225095
0.325,2.7350698,23.03841484755228,33.06542506321062,65.9107533225095
0.326,2.7361164,23.037725334117457,33.06542506321062,65.9469965988987
0.327,2.7367494,23.037725334117457,33.06542506321062,66.02951039602749
0.328,2.7377672,23.061035649292897,33.06542506321062,66.02951039602749
0.329,2.739009,23.08399220430971,33.06542506321062,65.60618441350053
0.33,2.739792,23.108282144117286,33.128108384847216,65.60618441350053
0.331,2.7404037,23.108282144117286,33.128108384847216,65.64102422579072
0.332,2.7417445,23.133196764899832,33.128108384847216,65.64102422579072
0.333,2.7421494,23.1533376616247,33.128108384847216,65.71952338124491
0.334,2.7432606,23.1533376616247,33.19145463952152,65.80457983575812
0.335,2.7439907,23.16603068602074,33.19145463952152,65.80457983575812
0.336,2.7457478,23.131791152850884,33.19145463952152,65.83869522368312
0.337,2.7451563,23.131791152850884,33.19145463952152,65.83869522368312
0.338,2.7462096,23.152060576616492,33.02881699858916,65.90431305503624
0.339,2.7471902,23.17705849940882,33.02881699858916,65.90431305503624
0.34,2.7451124,23.17705849940882,33.02881699858916,65.9882917697934
0.341,2.7463698,23.198374351887317,33.02881699858916,66.06116047339
0.342,2.7472253,23.202829425529206,32.86124044341952,66.06116047339
0.343,2.7481186,23.22789497274025,32.86124044341952,66.14967578962029
0.34400000000000003,2.7499504,23.22789497274025,32.86124044341952,66.14967578962029
0.34500000000000003,2.7483573,23.105629227570393,32.86124044341952,66.14912738731938
0.34600000000000003,2.7499676,23.08497050335645,32.41893895545579,66.14912738731938
0.34700000000000003,2.7477994,23.08497050335645,32.41893895545579,66.08408919994045
0.34800000000000003,2.7478135,23.10724135595822,32.41893895545579,66.08408919994045
0.34900000000000003,2.7495217,23.082351087447712,32.41893895545579,66.14617460838791
0.35000000000000003,2.74994,23.082351087447712,32.328667398186994,66.05834421127759
0.35100000000000003,2.7520602,23.10618206124064,32.328667398186994,66.05834421127759
0.352,2.7510798,23.126400808629253,32.328667398186994,66.14552011595757
0.353,2.747782,23.126400808629253,32.328667398186994,66.14552011595757
0.354,2.7496438,23.14767789727818,32.328667398186994,66.21790909568631
0.355,2.7514973,23.137316215783457,32.421116485439676,66.21790909568631
0.356,2.7531517,23.137316215783457,32.421116485439676,66.30849766863852
0.357,2.7544732,23.111487152398848,32.421116485439676,66.39646986866603
0.358,2.755128,23.135235978374677,32.421116485439676,66.39646986866603
0.359,2.757254,23.100890079813365,32.51471475025015,66.48728002806114
0.36,2.7594028,23.100890079813365,32.51471475025015,66.48728002806114
0.361,2.7591865,23.12658755566511,32.51471475025015,66.53617966850696
0.362,2.760786,23.11670761096331,32.51471475025015,66.53617966850696
0.363,2.7620478,23.11670761096331,32.61689743298961,66.5911047673832
0.364,2.7614949,23.10698929985724,32.61689743298961,66.68211754345407
0.365,2.761959,23.1332776225829,32.61689743298961,66.68211754345407
0.366,2.7640545,23.1332776225829,32.61689743298961,65.32632225493296
0.367,2.7653418,23.14511427699946,32.586346048341035,65.32632225493296
0.368,2.7650084,23.16706663809179,32.586346048341035,65.30205395915812
0.369,2.766596,23.16706663809179,32.586346048341035,65.30205395915812
0.37,2.768465,23.117242128224916,32.586346048341035,64.86277503361525
0.371,2.7694876,23.13238597251898,32.64950975520025,64.86277503361525
0.372,2.7419965,23.158375402287756,32.64950975520025,64.75548415665052
0.373,2.7438502,23.158375402287756,32.64950975520025,64.81186740916795
0.374,2.7457225,23.152218340480626,32.64950975520025,64.81186740916795
0.375,2.7474847,23.178907009807894,32.75066060726591,64.83572962196514
0.376,2.7452471,23.178907009807894,32.75066060726591,64.83572962196514
0.377,2.7470832,23.196108541788814,32.75066060726591,64.86569095066793
0.378,2.7485614,23.118087864158753,32.75066060726591,64.86569095066793
0.379,2.743391,23.118087864158753,32.75066060726591,63.14004885258483
0.38,2.745222,23.116949012177674,32.85382971042101,63.12518554982847
0.381,2.7465096,23.139901159427534,32.85382971042101,63.12518554982847
0.382,2.7479289,23.139901159427534,32.85382971042101,63.041223138419646
0.383,2.748939,22.986301849582027,32.85382971042101,63.041223138419646
0.384,2.7504313,22.975518238203843,32.96386262745854,63.110813320110765
0.385,2.751241,22.9910612264613,32.96386262745854,63.110813320110765
0.386,2.7526774,22.9910612264613,32.96386262745854,62.96871102348351
0.387,2.754299,23.005218328489033,32.96386262745854,63.0566756390343
0.388,2.7561092,22.892958323893254,33.071243353717605,63.0566756390343
0.389,2.757832,22.892958323893254,33.071243353717605,63.146108008423255
0.39,2.7596433,22.83086269165354,33.071243353717605,63.146108008423255
0.391,2.76187,22.847239090925573,33.071243353717605,63.20796260029601
0.392,2.7630558,22.847239090925573,33.1767347869861,63.20796260029601
0.393,2.7653642,22.87440535020653,33.1767347869861,63.222992744363964
0.394,2.7672112,22.90162148922432,33.1767347869861,63.31349762281902
0.395,2.7690797,22.90162148922432,33.1767347869861,63.31349762281902
0.396,2.7710676,22.55000433873855,33.29083545170097,63.35486561498442
0.397,2.7732248,22.57390732919855,33.29083545170097,63.35486561498442
0.398,2.7743928,22.599671619028204,33.29083545170097,63.438508189209564
0.399,2.6507256,22.599671619028204,33.29083545170097,63.438508189209564
0.4,2.652589,22.626880644650075,33.357140959454696,63.471176892229636
0.401,2.6544068,22.640968552270095,33.357140959454696,63.471176892229636
0.402,2.6553845,22.640968552270095,33.357140959454696,63.32626421903386
0.403,2.6572056,22.666765526373172,33.357140959454696,63.40758711593782
0.404,2.6591365,22.679206825578355,33.357140959454696,63.40758711593782
0.405,2.660889,22.679206825578355,33.45760756148652,63.44915147761953
0.406,2.6628964,22.706701324654663,33.45760756148652,63.44915147761953
0.40700000000000003,2.6646214,22.722537220306613,33.45760756148652,62.630705535912654
0.40800000000000003,2.6668327,22.722537220306613,33.45760756148652,62.630705535912654
0.40900000000000003,2.6686826,22.706366760384597,33.53587566096876,62.532001126997876
0.41000000000000003,2.6521785,22.677190740280455,33.53587566096876,62.56272928811918
0.41100000000000003,2.6533523,22.705030996963902,33.53587566096876,62.56272928811918
0.41200000000000003,2.6543996,22.705030996963902,33.53587566096876,62.603238604299634
0.41300000000000003,2.655852,22.73168363761474,33.23152755048574,62.603238604299634
0.41400000000000003,2.6580594,22.745557562003995,33.23152755048574,62.68592297731718
0.41500000000000004,2.657841,22.745557562003995,33.23152755048574,62.68592297731718
0.41600000000000004,2.6600652,22.731899606789785,33.23152755048574,62.773084545847674
0.417,2.6618636,22.759818396631573,33.23528645752572,62.84584873369874
0.418,2.6639152,22.759818396631573,33.23528645752572,62.84584873369874
0.419,2.6657798,22.313234555394054,33.23528645752572,62.89904082709131
0.42,2.639222,22.328026391533893,33.23528645752572,62.89904082709131
0.421,2.6402462,22.328026391533893,33.20139954204257,62.98804390684892
0.422,2.6419778,22.323234637666637,33.20139954204257,62.98804390684892
0.423,2.6432903,22.348866891419544,33.20139954204257,63.05238865972226
0.424,2.6451185,22.348866891419544,33.20139954204257,63.05238865972226
0.425,2.6470299,22.376186339666503,33.3181400418051,63.12266509875905
0.426,2.6489534,22.40417862013001,33.3181400418051,63.193678772214895
0.427,2.650329,22.424912375649576,33.3181400418051,63.193678772214895
0.428,2.6519706,22.424912375649576,33.3181400418051,63.18402800064837
0.429,2.6540425,22.347364503129793,33.3181400418051,63.18402800064837
0.43,2.6556199,22.164610803459333,33.37743285927806,63.250425723607684
0.431,2.6465445,22.164610803459333,33.37743285927806,63.250425723607684
0.432,2.6480665,22.190470947143375,33.37743285927806,63.33303109897004
0.433,2.6498532,22.218561232371204,33.37743285927806,63.405567433176444
0.434,2.651502,22.218561232371204,33.483377720342745,63.405567433176444
0.435,2.6463745,22.229282105681584,33.483377720342745,63.501650638536255
0.436,2.6484315,22.215160862248034,33.483377720342745,63.501650638536255
0.437,2.6506429,22.215160862248034,33.483377720342745,63.56992232672625
0.438,2.6523197,22.229080954715656,33.60637045962065,63.56992232672625
0.439,2.654612,22.25720140800074,33.60637045962065,63.536134643262514
0.44,2.651701,22.27190796881427,33.60637045962065,63.62766252018579
0.441,2.652606,22.27190796881427,33.60637045962065,63.62766252018579
0.442,2.654611,22.290664434727198,32.986168750199624,63.66997008140138
0.443,2.6559653,22.306455551801562,32.986168750199624,63.66997008140138
0.444,2.6580453,22.306455551801562,32.986168750199624,63.765964937383764
0.445,2.6600966,22.335446926744844,32.986168750199624,63.765964937383764
0.446,2.6618538,22.345432151429105,33.067260993307265,63.79028245035897
0.447,2.6633415,22.345432151429105,33.067260993307265,63.87540274042982
0.448,2.6655757,22.310257749094774,33.067260993307265,63.87540274042982
0.449,2.6670885,22.339426060331785,33.067260993307265,63.93420875578048
0.45,2.6694503,22.339426060331785,33.191916823726224,63.93420875578048
0.451,2.6714945,22.368251263990047,33.191916823726224,64.01764956512748
0.452,2.673698,22.387526919589995,33.191916823726224,64.01764956512748
0.453,2.6755638,21.574376393084968,33.191916823726224,63.98102653070967
0.454,2.6772773,21.574376393084968,33.191916823726224,63.98102653070967
0.455,2.6774333,21.463087679457285,33.210264773301795,64.08440348505334
0.456,2.6794834,21.47973315746853,33.210264773301795,64.16931145357007
0.457,2.681582,21.47973315746853,33.210264773301795,64.16931145357007
0.458,2.684006,21.44034056248452,33.210264773301795,64.23485939562278
0.459,2.6859403,21.45999332295215,33.29248424977965,64.23485939562278
0.46,2.6884263,21.45999332295215,33.29248424977965,64.16137602414608
0.461,2.69041,21.471898914526303,33.29248424977965,64.16137602414608
0.462,2.692369,21.500372596938398,33.29248424977965,64.26646861974295
0.463,2.6942165,21.500372596938398,33.41305934355484,63.62940023715468
0.464,2.695372,21.529329323530263,33.41305934355484,63.62940023715468
0.465,2.6974316,21.547840020138963,33.41305934355484,63.4482725204648
0.466,2.6992924,21.567037586607444,33.41305934355484,63.4482725204648
0.467,2.701795,21.567037586607444,33.47478169488382,63.41599598355529
0.468,2.703448,21.42843541436953,33.47478169488382,63.41599598355529
0.46900000000000003,2.7059574,21.457209066619075,33.47478169488382,62.463503542180035
0.47000000000000003,2.7076046,21.457209066619075,33.47478169488382,62.54622505266455
0.47100000000000003,2.7090847,21.46816337657016,32.94800911962902,62.54622505266455
0.47200000000000003,2.3452632,21.43318209369653,32.94800911962902,62.604636619789
0.47300000000000003,2.3471806,21.43318209369653,32.94800911962902,62.604636619789
0.47400000000000003,2.348292,21.461847186761766,32.94800911962902,62.707889742326714
0.47500000000000003,2.3446531,21.452597542848096,33.075135811427316,62.707889742326714
0.47600000000000003,2.3465729,21.452597542848096,33.075135811427316,62.80259275695364
0.47700000000000004,2.3485394,21.45102127474404,33.075135811427316,62.80259275695364
0.47800000000000004,2.3502362,21.479451528912616,33.075135811427316,62.79725179791711
0.47900000000000004,2.337135,21.479451528912616,33.075135811427316,62.71307174914381
0.48,2.339417,21.503660250137397,33.203798062955414,62.71307174914381
0.481,2.341003,21.532389134770987,33.203798062955414,62.746283458777654
0.482,2.3431344,21.562434941119662,33.203798062955414,62.746283458777654
0.483,2.3446217,21.562434941119662,33.203798062955414,62.84795502378349
0.484,2.3465724,21.58638618350959,33.20218351992331,62.84795502378349
0.485,2.3472548,21.57497188747285,33.20218351992331,62.94736244033747
0.486,2.3494148,21.57497188747285,33.20218351992331,62.90030738758331
0.487,2.3504739,21.605074092357583,33.20218351992331,62.90030738758331
0.488,2.35184,21.605419002720925,33.275932093962325,63.00865004352493
0.489,2.3532612,21.605419002720925,33.275932093962325,63.00865004352493
0.49,2.3555734,21.63582155663455,33.275932093962325,63.11691474182261
0.491,2.357181,21.666164171693413,33.275932093962325,63.11691474182261
0.492,2.3589966,21.666164171693413,33.41167026964067,63.20440942983541
0.493,2.360385,21.42062216609545,33.41167026964067,63.31195099453028
0.494,2.3623672,21.450803293972495,33.41167026964067,63.31195099453028
0.495,2.3640454,21.4625365805173,33.41167026964067,63.3826732116362
0.496,2.3654974,21.4625365805173,33.52386570624905,63.3826732116362
0.497,2.3640666,21.493327996490592,33.52386570624905,63.457128537174285
0.498,2.3659875,21.487240240326894,33.52386570624905,63.457128537174285
0.499,2.367511,21.487240240326894,33.52386570624905,63.52878668169301
0.5,2.368329,21.46563820326957,33.600544690248974,62.88483411767426
0.501,2.369354,21.496644672438574,33.600544690248974,62.88483411767426
0.502,2.3707042,21.496644672438574,33.600544690248974,62.83315095815418
0.503,2.3724103,21.516009954246783,33.600544690248974,62.83315095815418
0.504,2.3735068,21.54461404031419,33.600544690248974,62.91014809999372
0.505,2.3754852,21.54461404031419,33.59802541167658,62.91014809999372
0.506,2.377219,21.575998906594606,33.59802541167658,63.022078585635505
0.507,2.3797042,21.588582039374405,33.59802541167658,63.022078585635505
0.508,2.3817828,21.590931283005055,33.59802541167658,62.18607417374505
0.509,2.3842695,21.590931283005055,33.67645722209102,62.18522183397063
0.51,2.3856444,21.575876238920753,33.67645722209102,62.18522183397063
0.511,2.3876152,21.553022733484735,33.67645722209102,62.21672278671748
0.512,2.3894682,21.553022733484735,33.67645722209102,62.21672278671748
0.513,2.3914247,21.565229623698084,33.471036509496315,62.312112144649525
0.514,2.39327,21.589269328058954,33.471036509496315,62.312112144649525
0.515,2.392997,21.589269328058954,33.471036509496315,62.208849058997096
0.516,2.3951027,21.621372942388042,33.471036509496315,62.24268362282765
0.517,2.3679879,21.652276254315545,33.61430177179824,62.24268362282765
0.518,2.3686786,21.652276254315545,33.61430177179824,62.356542260701865
0.519,2.3701782,21.68406983397627,33.61430177179824,62.356542260701865
0.52,2.3724174,21.71597087920405,33.61430177179824,62.44230098913887
0.521,2.3744571,21.748749624045992,33.665805459809036,62.44230098913887
0.522,2.376864,21.748749624045992,33.665805459809036,62.55739145286375
0.523,2.3787363,21.74139495559353,33.665805459809036,62.67037413533712
0.524,2.3811028,21.757041719822656,33.665805459809036,62.67037413533712
0.525,2.3665311,21.757041719822656,33.8129383727896,62.777185046332356
0.526,2.3678014,21.774234056996548,33.8129383727896,62.777185046332356
0.527,2.3698082,21.8021114554231,33.8129383727896,62.867424852885065
0.528,2.3721662,21.8021114554231,33.8129383727896,62.867424852885065
0.529,2.369646,21.70356186821252,33.8129383727896,62.973539933836726
0.53,2.3710315,21.424371385615817,33.39356861570316,62.973539933836726
0.531,2.373164,21.424371385615817,33.39356861570316,63.04525243547812
0.532,2.3746724,21.39455240120433,33.39356861570316,63.15723016758664
0.533,2.3582633,21.42354584546593,33.39356861570316,63.15723016758664
0.534,2.358557,21.42354584546593,33.20808774006613,63.2761861215712
0.535,2.3605173,21.452596764629266,33.20808774006613,63.2761861215712
0.536,2.3625696,21.47691351350625,33.20808774006613,63.35974872708931
0.537,2.3642492,21.47951987107599,33.20808774006613,63.35974872708931
0.538,2.3669133,21.47951987107599,33.35406510581021,63.48031840886043
0.539,2.3690093,21.4736139227171,33.35406510581021,63.42757030465947
0.54,2.3713307,21.50372344735051,33.35406510581021,63.42757030465947
0.541,2.373728,21.50372344735051,33.35406510581021,63.50172912551218
0.542,2.375832,21.244487026425617,33.48286777228257,63.50172912551218
0.543,2.378092,21.264628770889743,33.48286777228257,63.517305805573415
0.544,2.3801763,21.264628770889743,33.48286777228257,63.517305805573415
0.545,2.3822153,21.29562632134258,33.48286777228257,63.63180047941335
0.546,2.383715,21.32612653185588,33.527930750700875,63.52719729429759
0.547,2.3844557,21.32612653185588,33.527930750700875,63.52719729429759
0.548,2.3865654,21.353022312067942,33.527930750700875,63.6107091948483
0.549,2.3886821,21.14404218374033,33.527930750700875,63.6107091948483
0.55,2.3877647,20.901878762491428,33.61000915182853,63.69835994946515
0.551,2.3894248,20.901878762491428,33.61000915182853,63.69835994946515
0.552,2.389577,20.92578782930438,33.61000915182853,63.07307442248721
0.553,2.3909094,20.92698670271669,33.61000915182853,63.07307442248721
0.554,2.3925376,20.92698670271669,33.61000915182853,63.172998821134534
0.555,2.3943899,20.95754672235076,33.580950706275175,63.246782025416245
0.556,2.3955417,20.968622740934563,33.580950706275175,63.246782025416245
0.557,2.3973124,20.968622740934563,33.580950706275175,63.264990258597805
0.558,2.3994827,20.97873943936433,33.580950706275175,63.264990258597805
0.559,2.4016976,21.012832497992324,33.545560469758584,62.79638899964177
0.56,2.4028063,21.012832497992324,33.545560469758584,62.79638899964177
0.561,2.4048514,20.840804772222825,33.545560469758584,62.60067978126068
0.562,2.407645,20.62515087649978,33.545560469758584,62.70435475038338
0.5630000000000001,2.4095173,20.658346789245524,33.63846337612839,62.70435475038338
0.5640000000000001,2.4096289,20.658346789245524,33.63846337612839,62.829356599505026
0.5650000000000001,2.4055288,20.685433839602503,33.63846337612839,62.829356599505026
0.5660000000000001,2.407908,20.714819003325847,33.63846337612839,62.910105893466294
0.5670000000000001,2.410334,20.714819003325847,33.58271523579942,62.910105893466294
0.5680000000000001,2.4129095,20.733756895243413,33.58271523579942,63.000785928653706
0.5690000000000001,2.413402,20.75784697859955,33.58271523579942,63.109653438080265
0.5700000000000001,2.4159765,20.75784697859955,33.58271523579942,63.109653438080265
0.5710000000000001,2.4173803,20.779429586630688,33.70991852125864,63.22210512620581
0.5720000000000001,2.415581,20.812160494399084,33.70991852125864,63.22210512620581
0.5730000000000001,2.4179316,20.812160494399084,33.70991852125864,63.34315811297451
0.5740000000000001,2.420814,20.845661638841325,33.70991852125864,63.34315811297451
0.5750000000000001,2.4227087,20.78490079935828,33.81379738331575,62.22810922068447
0.5760000000000001,2.4255557,20.591884671767467,33.81379738331575,62.35495664164935
0.577,2.4277306,20.591884671767467,33.81379738331575,62.35495664164935
0.578,2.4300642,20.626358114056863,33.81379738331575,62.3740773003266
0.579,2.432573,20.64138416055158,33.81379738331575,62.3740773003266
0.58,2.4351964,20.64138416055158,33.96260704901608,62.33458754877464
0.581,2.4372842,20.60312379809126,33.96260704901608,62.33458754877464
0.582,2.439523,20.636993803030983,33.96260704901608,62.24364562200825
0.583,2.442331,20.636993803030983,33.96260704901608,62.24364562200825
0.584,2.4434829,20.58791453289222,33.75933760465888,61.18201535926665
0.585,2.4458554,20.621352725524133,33.75933760465888,60.93112574267124
0.586,2.4477103,20.621352725524133,33.75933760465888,60.93112574267124
0.587,2.4503486,20.580998735734525,33.75933760465888,61.03641365123743
0.588,2.4521875,20.603676894604373,33.923016723468976,61.03641365123743
0.589,2.4531248,20.603676894604373,33.923016723468976,61.087082368961696
0.59,2.4555326,20.595362075343388,33.923016723468976,61.087082368961696
0.591,2.3967168,20.35103053400011,33.923016723468976,61.19762440587189
0.592,2.399128,20.38640372859276,34.093073795203026,61.23189915702834
0.593,2.4013164,20.38640372859276,34.093073795203026,61.23189915702834
0.594,2.4036238,20.412731283781756,34.093073795203026,60.95940137794123
0.595,2.4063222,20.436656508542796,34.093073795203026,60.95940137794123
0.596,2.408811,20.436656508542796,34.24597805223664,60.9975945929958
0.597,2.4116974,20.278999511276286,34.24597805223664,60.9975945929958
0.598,2.4127557,20.31543965090036,34.24597805223664,60.98730181055807
0.599,2.4154994,20.31543965090036,34.24597805223664,61.114900872004526
0.6,2.417983,20.350619295856568,34.03921110921577,61.114900872004526
0.601,2.4131577,20.38224737776159,34.03921110921577,61.19141020368955
0.602,2.4160893,20.38224737776159,34.03921110921577,61.19141020368955
0.603,2.4164333,20.39408172358428,34.03921110921577,61.288151020702614
0.604,2.4192536,20.069476785697397,34.03921110921577,61.288151020702614
0.605,2.4020903,20.094573717698832,34.16586892091162,61.235350248928704
0.606,2.4051433,20.094573717698832,34.16586892091162,61.235350248928704
0.607,2.4076111,20.124476422333345,34.16586892091162,61.35801308790182
0.608,2.404596,20.161074196512253,34.16586892091162,61.46034387914912
0.609,2.4065433,20.161074196512253,34.28752991486114,61.46034387914912
0.61,2.4088662,20.191813088037165,34.28752991486114,61.3086117245535
0.611,2.4112728,20.199295276499594,34.28752991486114,61.3086117245535
0.612,2.4141035,20.199295276499594,34.28752991486114,61.44663791700116
0.613,2.3893614,20.219941314597204,34.45865733867187,61.44663791700116
0.614,2.3925328,20.097773530372674,34.45865733867187,61.554784784332085
0.615,2.3939342,20.097773530372674,34.45865733867187,61.691040836908556
0.616,2.3614457,20.13465828805099,34.45865733867187,61.691040836908556
0.617,2.364102,20.172355993324793,34.63263158376575,61.82094198826108
0.618,2.3662674,20.029831520894408,34.63263158376575,61.82094198826108
0.619,2.368965,20.029831520894408,34.63263158376575,61.935592643123876
0.62,2.3713226,20.05240458413619,34.63263158376575,61.935592643123876
0.621,2.3735878,20.090329143644475,34.57434825259312,61.97353166313218
0.622,2.3759065,20.090329143644475,34.57434825259312,62.05115261160948
0.623,2.3792205,20.10636183051362,34.57434825259312,62.05115261160948
0.624,2.3810008,20.143074211292646,34.57434825259312,62.16184731612067
0.625,2.3341396,20.143074211292646,34.74729267890584,62.16184731612067
0.626,2.3364315,20.181828079956432,34.74729267890584,62.10161481658748
0.627,2.3390791,20.180325559131568,34.74729267890584,62.10161481658748
0.628,2.341854,20.180325559131568,34.74729267890584,62.00123199758363
0.629,2.3452148,20.18680369346284,34.74729267890584,62.07100860178578
0.63,2.3474424,20.223137217827556,34.772967725499505,62.07100860178578
0.631,2.3500085,20.213515562168872,34.772967725499505,62.202369342962676
0.632,2.3517015,20.213515562168872,34.772967725499505,62.202369342962676
0.633,2.354155,20.24600088366254,34.772967725499505,62.336841817259945
0.634,2.3558936,20.28596931854026,34.6565909256971,62.336841817259945
0.635,2.35483,20.28596931854026,34.6565909256971,62.444563608208746
0.636,2.3529742,20.326158803797192,34.6565909256971,62.444563608208746
0.637,2.3560724,20.35920775335177,34.6565909256971,62.537801255335346
0.638,2.358421,20.35920775335177,34.8549195887167,62.61429275986174
0.639,2.361676,20.351031181868947,34.8549195887167,62.61429275986174
0.64,2.3610516,20.340624280559023,34.8549195887167,62.70464628809442
0.641,2.3635082,20.340624280559023,34.8549195887167,62.70464628809442
0.642,2.3657558,20.356444881316115,34.8854389488973,62.78904483942464
0.643,2.3473759,20.394889209015002,34.8854389488973,62.78904483942464
0.644,2.3497992,20.433533538105728,34.8854389488973,62.923951888636346
0.645,2.3512175,20.433533538105728,34.8854389488973,63.06994534272745
0.646,2.3536115,20.47286433498826,34.91664878694463,63.06994534272745
0.647,2.3555014,20.017296671032007,34.91664878694463,63.196385345623504
0.648,2.2965682,20.017296671032007,34.91664878694463,63.196385345623504
0.649,2.2992,20.053654815635674,34.91664878694463,63.34474191453805
0.65,2.3022087,20.06245054839661,34.95507607099832,63.34474191453805
0.651,2.3046577,20.06245054839661,34.95507607099832,63.459824916945394
0.652,2.3061254,20.07371902771495,34.95507607099832,63.209855706961065
0.653,2.285085,20.05193649718076,34.95507607099832,63.209855706961065
0.654,2.2876725,20.05193649718076,34.95507607099832,63.325217302751284
0.655,2.29008,20.089098198116602,35.120682776101205,63.325217302751284
0.656,2.2929952,20.1310528722774,35.120682776101205,63.419418450073486
0.657,2.2950613,20.1310528722774,35.120682776101205,63.419418450073486
0.658,2.2433462,20.102601737125408,35.120682776101205,63.54387339730894
0.659,2.2220905,20.14313935187346,35.3301544046249,63.54387339730894
0.66,2.2253935,19.501485530191854,35.3301544046249,63.669436246749335
0.661,2.2287219,19.501485530191854,35.3301544046249,63.59899528209113
0.662,2.2283869,19.540600204315407,35.3301544046249,63.59899528209113
0.663,2.223826,19.546270150297147,35.54257391574175,63.762211323002944
0.664,2.2257636,19.546270150297147,35.54257391574175,63.762211323002944
0.665,2.229049,19.587792116810686,35.54257391574175,63.92151601082764
0.666,2.2270744,19.629565556909018,35.54257391574175,63.92151601082764
0.667,2.230145,19.629565556909018,35.50523387819905,63.42038850520564
0.668,2.2319508,19.6699477888298,35.50523387819905,63.43439878331071
0.669,2.2354379,19.71013354169097,35.50523387819905,63.43439878331071
0.67,2.2380698,19.71013354169097,35.50523387819905,63.5097552238008
0.671,2.241529,19.752267572259942,35.680681436800874,63.5097552238008
0.672,2.24221,19.785116758875443,35.680681436800874,63.64250404045667
0.673,2.2445636,19.82854629860669,35.680681436800874,63.64250404045667
0.674,2.245502,19.82854629860669,35.680681436800874,63.71975769168448
0.675,2.2486875,19.872523639361408,35.81533300497954,63.798911844582456
0.676,2.2501066,19.88909945069691,35.81533300497954,63.798911844582456
0.677,2.2534792,19.88909945069691,35.81533300497954,63.38696126350613
0.678,2.256369,19.87439405630348,35.81533300497954,63.38696126350613
0.679,2.259396,19.835750243276017,35.81533300497954,63.46116533590258
0.68,2.2625241,19.835750243276017,35.95295790306369,63.46116533590258
0.681,2.2649016,19.879418251979043,35.95295790306369,63.225864066738225
0.682,2.26785,19.87492425674312,35.95295790306369,63.23207359520664
0.683,2.269455,19.87492425674312,35.95295790306369,63.23207359520664
0.684,2.273171,19.919864026054032,35.64809452428684,62.68479787202733
0.685,2.2759814,19.956825858448372,35.64809452428684,62.68479787202733
0.686,2.278986,19.79160655184347,35.64809452428684,62.80429435373785
0.687,2.2815275,19.79160655184347,35.64809452428684,62.80429435373785
0.6880000000000001,2.2853603,19.818284840500354,35.60377016495248,62.97088366771843
0.6890000000000001,2.2883556,19.859836106939657,35.60377016495248,62.97088366771843
0.6900000000000001,2.2844245,19.859836106939657,35.60377016495248,62.81675522347968
0.6910000000000001,2.2876887,19.90314287404298,35.60377016495248,62.55945653916587
0.6920000000000001,2.2907062,19.919874301669697,35.73012012640999,62.55945653916587
0.6930000000000001,2.293154,19.919874301669697,35.73012012640999,62.706371481647324
0.6940000000000001,2.2965603,19.965506221305176,35.73012012640999,62.706371481647324
0.6950000000000001,2.2996092,19.981526290221975,35.73012012640999,62.88715252195334
0.6960000000000001,2.2984388,19.981526290221975,35.97245469321507,62.88715252195334
0.6970000000000001,2.3013299,19.725264339910584,35.97245469321507,63.067311875494774
0.6980000000000001,2.3037043,19.772376290322082,35.97245469321507,61.21432220498007
0.6990000000000001,2.3067458,19.819701118599703,35.97245469321507,61.21432220498007
0.7000000000000001,2.3100288,19.819701118599703,36.01041223690454,61.15501725555134
0.7010000000000001,2.3137982,19.847346118227872,36.01041223690454,61.15501725555134
0.7020000000000001,2.3165848,19.192679584629538,36.01041223690454,61.30500795735958
0.7030000000000001,2.3174355,19.192679584629538,36.01041223690454,61.30500795735958
0.704,2.320425,19.22027669986161,36.01041223690454,60.98519797212826
0.705,2.3226507,19.264905041332668,36.014485681226105,61.13163993847667
0.706,2.3257828,19.264905041332668,36.014485681226105,61.13163993847667
0.707,2.3294423,19.277373253021263,36.014485681226105,60.9085862529941
0.708,2.3323858,19.319076112549766,36.014485681226105,60.9085862529941
0.709,2.3358254,19.319076112549766,35.99247781540338,61.075599344272355
0.71,2.3378508,19.155230869871573,35.99247781540338,61.075599344272355
0.711,2.3418608,19.20281247820815,35.99247781540338,61.095931783060514
0.712,2.3452692,19.20281247820815,35.99247781540338,61.095931783060514
0.713,2.3495927,19.20802008071224,35.93876166393898,61.10815567163294
0.714,2.3508165,19.23044909064591,35.93876166393898,61.21114345590912
0.715,2.3539476,19.276756183245556,35.93876166393898,61.21114345590912
0.716,2.3563516,19.276756183245556,35.93876166393898,61.19559169136624
0.717,2.359805,19.266306634926952,35.883381632256956,61.19559169136624
0.718,2.3625367,19.260882689698775,35.883381632256956,61.305210257996556
0.719,2.3667417,19.260882689698775,35.883381632256956,61.305210257996556
0.72,2.3705251,19.310459911354304,35.883381632256956,61.47018250807926
0.721,2.3738453,19.31911718374908,35.87629369783883,61.65415110494717
0.722,2.3777423,19.31911718374908,35.87629369783883,61.65415110494717
0.723,2.3811846,19.365553372628312,35.87629369783883,61.84880949666322
0.724,2.38552,19.414346436456817,35.87629369783883,61.84880949666322
0.725,2.3883283,19.414346436456817,36.11356891896599,61.98656923319532
0.726,2.3923526,19.463715005951734,36.11356891896599,61.98656923319532
0.727,2.396056,19.494089520249585,36.11356891896599,61.9323308202208
0.728,2.4001203,19.51480617417684,36.11356891896599,62.01773216809041
0.729,2.4032047,19.51480617417684,36.11356891896599,62.01773216809041
0.73,2.4062443,19.553189464780917,36.33079410306093,62.1904367509634
0.731,2.4093342,19.604190212491623,36.33079410306093,62.1904367509634
0.732,2.4134307,19.604190212491623,36.33079410306093,62.32943252885804
0.733,2.4168694,19.65708691163739,36.33079410306093,62.32943252885804
0.734,2.4212863,19.70838231599002,36.33945627072444,61.22335961109547
0.735,2.4248595,19.70838231599002,36.33945627072444,61.35605512871606
0.736,2.4272249,19.761462392896927,36.33945627072444,61.35605512871606
0.737,2.4312723,19.736075258964657,36.33945627072444,61.55607593069761
0.738,2.4353156,19.736075258964657,36.41690048795192,61.55607593069761
0.739,2.4385939,19.60385533546578,36.41690048795192,61.76363053915172
0.74,2.4428265,19.640970293382722,36.41690048795192,61.76363053915172
0.741,2.4473758,19.695699662730426,36.41690048795192,61.269862443875596
0.742,2.4514606,19.695699662730426,36.58823011398918,61.269862443875596
0.743,2.4563553,19.722279117303707,36.58823011398918,61.46278633264678
0.744,2.4599743,19.75938656719755,36.58823011398918,61.55563559811285
0.745,2.4650633,19.75938656719755,36.58823011398918,61.55563559811285
0.746,2.4675992,19.68619501958163,36.85777662751337,61.559382420838354
0.747,2.4725764,19.74235956320479,36.85777662751337,61.559382420838354
0.748,2.4761798,19.74235956320479,36.85777662751337,61.433874711333324
0.749,2.4806042,19.795925381851013,36.85777662751337,61.433874711333324
0.75,2.483807,19.75110869153453,37.16365512021286,60.84165414971299
0.751,2.487292,19.75110869153453,37.16365512021286,61.03729388762398
0.752,2.4916627,19.80340496467802,37.16365512021286,61.03729388762398
0.753,2.496365,19.701862236571323,37.16365512021286,61.19145880350257
0.754,2.5007186,19.75099148461827,37.16365512021286,61.19145880350257
0.755,2.5050497,19.75099148461827,37.47139795352122,61.40510839468782
0.756,2.509292,19.800496035742192,37.47139795352122,61.40510839468782
0.757,2.5136304,19.328263812434432,37.47139795352122,61.451753714029955
0.758,2.5182118,19.328263812434432,37.47139795352122,60.70031135291037
0.759,2.523566,18.101829578334247,37.593479491200945,60.70031135291037
0.76,2.52847,18.135559081152927,37.593479491200945,60.9136270928127
0.761,2.5330832,18.135559081152927,37.593479491200945,60.9136270928127
0.762,2.5377667,18.128193451710274,37.593479491200945,61.11828639183635
0.763,2.5416183,18.16730808127692,37.79339330270497,61.11828639183635
0.764,2.5466967,18.16730808127692,37.79339330270497,61.3456764553004
0.765,2.5513544,17.992474715144827,37.79339330270497,61.3456764553004
0.766,2.5569682,18.04132856016993,37.79339330270497,61.4129612138726
0.767,2.5614986,18.04132856016993,37.32048665450958,61.54801151171083
0.768,2.5673792,17.994567402258443,37.32048665450958,61.54801151171083
0.769,2.5718138,18.016168796454842,37.32048665450958,61.78237183312114
0.77,2.5771117,18.072060314925576,37.32048665450958,61.78237183312114
0.771,2.5820022,18.072060314925576,35.48702414098731,61.927912398825946
0.772,2.5877502,18.126913400496093,35.48702414098731,61.927912398825946
0.773,2.5918498,18.184517750013875,35.48702414098731,61.78079900669345
0.774,2.5977993,18.184517750013875,35.48702414098731,61.87036679423441
0.775,2.6027951,18.218174230431437,35.79810628451452,61.87036679423441
0.776,2.6082244,18.276424445068688,35.79810628451452,62.109970999217495
0.777,2.6129699,18.276424445068688,35.79810628451452,62.109970999217495
0.778,2.6191707,18.18541643364486,35.79810628451452,62.25081642618086
0.779,2.6238327,18.24156857940297,35.79810628451452,62.25081642618086
0.78,2.630095,18.24156857940297,36.063520892615486,62.491386382744736
0.781,2.6358697,18.297486845053918,36.063520892615486,62.6214331486922
0.782,2.640415,18.35499286006085,36.063520892615486,62.6214331486922
0.783,2.6465657,18.412679516964914,36.063520892615486,62.37620664394628
0.784,2.651806,18.412679516964914,36.19619717017584,62.37620664394628
0.785,2.6570363,17.878112215939606,36.19619717017584,62.631301852972946
0.786,2.6623814,17.74489495555088,36.19619717017584,62.631301852972946
0.787,2.6688879,17.74489495555088,36.19619717017584,62.85856267607618
0.788,2.656888,17.64641005018877,36.5202960539212,62.95949671101744
0.789,2.640505,16.782864145382312,36.5202960539212,62.95949671101744
0.79,2.6402903,16.782864145382312,36.5202960539212,63.19228115218395
0.791,2.6166694,16.562437608476337,36.5202960539212,63.19228115218395
0.792,2.6208131,16.615514131045124,36.60140845766033,62.56435893885219
0.793,2.6267698,16.615514131045124,36.60140845766033,62.56435893885219
0.794,2.6313815,16.632687239903426,36.60140845766033,62.819902416496554
0.795,2.6341836,16.686961558712923,36.60140845766033,62.819902416496554
0.796,2.6398468,16.67128693859015,36.654367181243195,62.42727732310868
0.797,2.646391,16.67128693859015,36.654367181243195,62.686684635608614
0.798,2.65143,16.648099865358247,36.654367181243195,62.686684635608614
0.799,2.6575887,16.707815976079942,36.654367181243195,62.64003075063594
0.8,2.6642597,16.707815976079942,34.92713279613012,62.64003075063594
0.801,2.669765,16.751215231081204,34.92713279613012,62.872910975338534
0.802,2.6750202,16.810083223672077,34.92713279613012,62.872910975338534
0.803,2.678388,16.810083223672077,34.92713279613012,63.11002140697248
0.804,2.6840653,16.769458338656897,34.92713279613012,63.34220143018725
0.805,2.6901443,16.610041768591994,35.28016490840873,63.34220143018725
0.806,2.6974332,16.610041768591994,35.28016490840873,63.18258010150574
0.807,2.7033858,16.665445654034432,35.28016490840873,63.18258010150574
0.808,2.7105756,16.64390112452857,35.28016490840873,63.46982383248212
0.809,2.716469,16.645195142214533,34.9570325230356,63.46982383248212
0.81,2.714257,16.645195142214533,34.9570325230356,63.39877020954769
0.811,2.7199318,16.703871627914328,34.9570325230356,63.576469305154696
0.812,2.7274468,16.766654557321285,34.9570325230356,63.576469305154696
0.8130000000000001,2.7337158,16.766654557321285,35.34247940766144,63.82337226210189
0.8140000000000001,2.739928,16.82978808361289,35.34247940766144,63.82337226210189
0.8150000000000001,2.746151,16.232592128563844,35.34247940766144,64.12533936744792
0.8160000000000001,2.753502,16.232592128563844,35.34247940766144,64.12533936744792
0.8170000000000001,2.7596848,16.29405665859882,35.69791638489054,64.18736449263957
0.8180000000000001,2.7659667,16.286115515150826,35.69791638489054,64.18736449263957
0.8190000000000001,2.7710593,16.286115515150826,35.69791638489054,64.49303617041562
0.8200000000000001,2.7786908,16.340162671913266,35.69791638489054,64.80764712888123
0.8210000000000001,2.7867715,16.38038211650061,36.06613445059087,64.80764712888123
0.8220000000000001,2.793573,16.42558117191493,36.06613445059087,65.10399410048969
0.8230000000000001,2.8010523,16.42558117191493,36.06613445059087,65.10399410048969
0.8240000000000001,2.7959719,16.47948076563107,36.06613445059087,65.41949256006127
0.8250000000000001,2.8044472,16.422649980340264,36.431234768224776,65.41949256006127
0.8260000000000001,2.8116136,16.422649980340264,36.431234768224776,65.74584610566455
0.8270000000000001,2.8193424,16.48785188576755,36.431234768224776,65.54062904275459
0.8280000000000001,2.8264863,16.50241297315318,36.431234768224776,65.54062904275459
0.8290000000000001,2.8348973,16.50241297315318,36.431234768224776,65.73358081692282
0.8300000000000001,2.841039,16.57063664521047,36.805390539789876,65.73358081692282
0.8310000000000001,2.8495095,16.600382237909624,36.805390539789876,65.8155915236721
0.8320000000000001,2.8538222,16.600382237909624,36.805390539789876,65.8155915236721
0.833,2.8616488,16.6000224291808,36.805390539789876,65.84244990466247
0.834,2.8689373,16.462541084411626,36.814791328254515,66.02733934557854
0.835,2.8778274,16.462541084411626,36.814791328254515,66.02733934557854
0.836,2.8839362,16.45390476095685,36.814791328254515,66.21590855123401
0.837,2.875555,16.517772003119617,36.814791328254515,66.21590855123401
0.838,2.8826816,16.591024794213673,36.429447070603786,65.43298063909012
0.839,2.89139,16.591024794213673,36.429447070603786,65.43298063909012
0.84,2.9007862,16.657621789355893,36.429447070603786,65.4477987888373
0.841,2.908769,16.682917803927534,36.429447070603786,65.7728708368653
0.842,2.9158676,16.682917803927534,36.31659573048981,65.7728708368653
0.843,2.921141,16.725487750240056,36.31659573048981,66.03785788273963
0.844,2.9310746,16.79282087615394,36.31659573048981,66.03785788273963
0.845,2.9385285,16.79282087615394,36.31659573048981,66.37230772015297
0.846,2.9484482,16.870387021725197,36.676479835753995,66.37230772015297
0.847,2.9570913,16.903828985528456,36.676479835753995,63.77048277564153
0.848,2.9633899,16.903828985528456,36.676479835753995,63.77048277564153
0.849,2.9714532,16.454891999892,36.676479835753995,63.68875972709926
0.85,2.9817657,16.533485357660727,36.78911897947877,64.06214758557164
0.851,2.9894037,11.841640951917046,36.78911897947877,64.06214758557164
0.852,2.9996068,11.841640951917046,36.78911897947877,64.43920191059433
0.853,3.0085607,11.896241246062825,36.78911897947877,64.43920191059433
0.854,3.0186505,11.66497656131394,36.78911897947877,64.82534111035852
0.855,3.0267832,11.66497656131394,36.94450959695988,64.82534111035852
0.856,3.0281618,11.67826753461999,36.94450959695988,65.12471503255901
0.857,3.0373092,11.718686804393187,36.94450959695988,65.51410646238224
0.858,3.048082,11.718686804393187,36.94450959695988,65.51410646238224
0.859,3.0571015,11.764066466801232,37.10589945270336,65.74525185224464
0.86,3.061736,11.824506166372872,37.10589945270336,65.74525185224464
0.861,3.0730968,11.824506166372872,37.10589945270336,64.72011796528263
0.862,3.0827909,11.881738342018236,37.10589945270336,64.72011796528263
0.863,3.0935116,11.943790736771899,37.603659608011135,64.5108839420284
0.864,3.1033454,11.838168704660905,37.603659608011135,64.85607188725783
0.865,3.1148672,11.838168704660905,37.603659608011135,64.85607188725783
0.866,3.1241608,11.761199738853088,37.603659608011135,65.07744453671384
0.867,3.135954,11.74389155590857,35.66182649685424,65.07744453671384
0.868,3.1452796,11.74389155590857,35.66182649685424,65.50896357358616
0.869,3.1470504,11.280883601308897,35.66182649685424,65.50896357358616
0.87,3.1575983,11.318338875546544,35.66182649685424,65.77093950367032
0.871,3.1694865,11.318338875546544,36.22842877744141,65.77093950367032
0.872,3.18,11.370764019842627,36.22842877744141,65.0033499954742
0.873,3.192649,11.368694413954824,36.22842877744141,65.39947330204325
0.874,3.2033541,11.368694413954824,36.22842877744141,65.39947330204325
0.875,3.2070243,11.417577479183064,34.8888483161357,61.09981876440551
0.876,3.218364,11.482784651851366,34.8888483161357,61.09981876440551
0.877,3.230127,11.549018611269945,34.8888483161357,61.416301781598456
0.878,3.239781,11.549018611269945,34.8888483161357,61.416301781598456
0.879,3.25381,11.612033688787893,34.8888483161357,61.856244021479164
0.88,3.26815,11.671021992230488,35.48526245622888,62.2044375279622
0.881,3.2793152,11.671021992230488,35.48526245622888,62.2044375279622
0.882,3.2938676,11.683153470143331,35.48526245622888,62.552081320740776
0.883,3.3046405,11.754005981227078,35.48526245622888,62.552081320740776
0.884,3.3080237,11.754005981227078,36.0905040722535,59.94505150004277
0.885,3.3174715,11.738047584257188,36.0905040722535,59.94505150004277
0.886,3.3043435,11.778820855624094,36.0905040722535,60.09454650668384
0.887,3.3164046,11.778820855624094,36.0905040722535,60.51521823559651
0.888,3.331684,11.852895494905278,36.264888797144685,60.51521823559651
0.889,3.3437862,11.810767778672345,36.264888797144685,60.99212318121557
0.89,3.358847,11.810767778672345,36.264888797144685,60.99212318121557
0.891,3.372395,11.886004846614597,36.264888797144685,61.45818041650679
0.892,3.3884807,11.810810869647815,36.93567260141871,61.45818041650679
0.893,3.4022899,11.59631064518796,36.93567260141871,60.999421243062514
0.894,3.4044287,11.59631064518796,36.93567260141871,61.41821318910326
0.895,3.4161632,9.708171824879523,36.93567260141871,61.41821318910326
0.896,3.4333982,9.609077989665838,37.652884651554736,61.93345956282113
0.897,3.448295,9.609077989665838,37.652884651554736,61.93345956282113
0.898,3.4654279,9.42816526606123,37.652884651554736,62.06032106886456
0.899,3.4806805,9.166879193720952,37.652884651554736,62.06032106886456
0.9,3.498406,9.166879193720952,38.39041691506657,62.52412351463399
0.901,3.5170503,9.188587104707008,38.39041691506657,62.52412351463399
0.902,3.5325599,9.172161724697688,38.39041691506657,62.567260864186935
0.903,3.5514758,9.172161724697688,38.39041691506657,62.28498378153346
0.904,3.5679655,9.23717706680157,38.39041691506657,62.28498378153346
0.905,3.5867043,9.245867366162795,39.21533781993906,61.68746326282847
0.906,3.6037014,9.314817377776833,39.21533781993906,61.68746326282847
0.907,3.6244278,9.314817377776833,39.21533781993906,60.3633872553004
0.908,3.638399,9.030096482049977,39.21533781993906,60.3633872553004
0.909,3.6591897,8.314140278691648,40.09653255664236,60.94095139750053
0.91,3.6771395,8.314140278691648,40.09653255664236,61.50918809097735
0.911,3.6986856,8.380642399517138,40.09653255664236,61.50918809097735
0.912,3.716963,8.448758463012709,40.09653255664236,61.99294654027558
0.913,3.7131186,8.448758463012709,41.039946885271526,61.99294654027558
0.914,3.7315753,8.500377544889353,41.039946885271526,62.26833938352338
0.915,3.7544875,7.816022290560884,41.039946885271526,62.26833938352338
0.916,3.7737517,7.816022290560884,41.039946885271526,62.605170499589526
0.917,3.7967193,7.71909046295297,41.30946960067683,63.2663285290782
0.918,3.8146908,7.629841871388959,41.30946960067683,63.2663285290782
0.919,3.8384748,7.6957105338571665,41.30946960067683,63.54649644982132
0.92,3.8633215,7.6957105338571665,41.30946960067683,63.54649644982132
0.921,3.8808255,7.644720162065521,42.358167131355806,64.18760759282861
0.922,3.9070451,7.673419273189532,42.358167131355806,64.18760759282861
0.923,3.929104,7.673419273189532,42.358167131355806,62.58690898369078
0.924,3.9558063,7.737557185065195,42.358167131355806,62.58690898369078
0.925,3.9792283,7.737898873920936,43.49758838520952,62.76759460882577
0.926,4.007721,7.737898873920936,43.49758838520952,63.44389589901564
0.927,4.0251327,7.702699213639616,43.49758838520952,63.44389589901564
0.928,0.76116765,7.532287406469003,43.49758838520952,64.20907358851383
0.929,0.7648349,7.532287406469003,43.49758838520952,64.20907358851383
0.93,0.744774,7.59800149131634,32.433460998092315,64.38347310325713
0.931,0.74301666,7.661928717527958,32.433460998092315,64.38347310325713
0.932,0.7424501,7.726467691177558,32.433460998092315,65.12773836936199
0.933,0.738815,7.726467691177558,32.433460998092315,65.5690121537275
0.934,0.7412154,7.801861296163659,10.334637822567585,65.5690121537275
0.935,0.7432458,7.875606006325731,10.334637822567585,65.39033111263427
0.936,0.74609005,7.875606006325731,10.334637822567585,65.39033111263427
0.937,0.7491777,7.963900281685286,10.334637822567585,64.20359598917322
0.9380000000000001,0.7505533,7.984054733657669,9.778817584081448,64.20359598917322
0.9390000000000001,0.747353,7.984054733657669,9.778817584081448,64.35742926660183
0.9400000000000001,0.74025244,8.064510740253162,9.778817584081448,65.19659013276761
0.9410000000000001,0.740441,7.811694717572568,9.778817584081448,65.19659013276761
0.9420000000000001,0.7401164,7.811694717572568,9.859619883331797,65.78886360371982
0.9430000000000001,0.7427998,6.241514792419915,9.859619883331797,65.78886360371982
0.9440000000000001,0.74576086,6.265072211134042,9.859619883331797,61.58140433127624
0.9450000000000001,0.7392194,6.265072211134042,9.859619883331797,61.58140433127624
0.9460000000000001,0.7431263,5.968139122769533,10.190211194891058,60.272980503745345
0.9470000000000001,0.74001586,5.937922964479158,10.190211194891058,61.20938873296478
0.9480000000000001,0.7374676,5.857154570843988,10.190211194891058,61.20938873296478
0.9490000000000001,0.7407716,5.857154570843988,10.190211194891058,58.83629657124957
0.9500000000000001,0.7407119,5.861317746170784,10.585082326002937,58.83629657124957
0.9510000000000001,0.7346822,5.89385110578294,10.585082326002937,57.70432893941565
0.9520000000000001,0.7258973,5.89385110578294,10.585082326002937,57.70432893941565
0.9530000000000001,0.7311998,5.886327822981037,10.585082326002937,58.65581939394808
0.9540000000000001,0.725649,5.9602979521113175,10.585082326002937,58.65581939394808
0.9550000000000001,0.72838587,5.9602979521113175,10.396434607345993,59.56804090600211
0.9560000000000001,0.6949072,5.981435570113404,10.396434607345993,57.79568467257384
0.9570000000000001,0.69999397,6.080242008066747,10.396434607345993,57.79568467257384
0.9580000000000001,0.6778357,6.080242008066747,10.396434607345993,56.651720189838386
0.9590000000000001,0.67495376,6.135149726940582,10.165437235096947,56.651720189838386
0.96,0.6799998,6.1299235714510525,10.165437235096947,56.876214814639184
0.961,0.6816811,6.225001688878309,10.165437235096947,56.876214814639184
0.962,0.6875206,6.225001688878309,10.165437235096947,46.83272578315623
0.963,0.6896847,6.342753175223731,9.562615482384937,46.646818347827214
0.964,0.69313335,6.373335661493382,9.562615482384937,46.646818347827214
0.965,0.6926516,6.373335661493382,9.562615482384937,46.667870904396594
0.966,0.6996218,6.495869675593135,9.562615482384937,46.667870904396594
0.967,0.7000247,6.63479160724479,9.569906081689089,46.374764475134825
0.968,0.70038396,6.63479160724479,9.569906081689089,46.374764475134825
0.969,0.7022499,6.55424057727849,9.569906081689089,45.676700164583856
0.97,0.71083575,6.273557184925979,9.569906081689089,46.885217778188
0.971,0.7177601,6.273557184925979,10.197207823946801,46.885217778188
0.972,0.7074191,6.423871266170214,10.197207823946801,45.75193019522161
0.973,0.7123513,6.352783132984619,10.197207823946801,45.75193019522161
0.974,0.7236375,6.517258374245198,10.197207823946801,45.49730851241219
0.975,0.73055017,6.517258374245198,10.97799195639369,45.49730851241219
0.976,0.7391902,6.632103555963568,10.97799195639369,46.922268453842555
0.977,0.7485566,6.8165389374288115,10.97799195639369,46.922268453842555
0.978,0.73480165,6.8165389374288115,10.97799195639369,48.41313012132835
0.979,0.73756677,7.0316917793563825,10.97799195639369,50.36313710051625
0.98,0.73413426,7.246803841986096,11.013106422062242,50.36313710051625
0.981,0.60421777,7.246803841986096,11.013106422062242,52.25715312257767
0.982,0.5906034,7.515578501593723,11.013106422062242,52.25715312257767
0.983,0.5693727,6.919952625189876,11.013106422062242,53.92019478306756
0.984,0.5769552,6.919952625189876,11.229629073851406,53.92019478306756
0.985,0.5720981,4.222086063323586,11.229629073851406,56.14954042233231
0.986,0.5806041,4.404757810399322,11.229629073851406,56.258217721059516
0.987,0.5733334,4.442639093685199,11.229629073851406,56.258217721059516
0.988,0.56412655,4.442639093685199,12.966260630711943,55.144018285043266
0.989,0.5613521,4.68679832940247,12.966260630711943,55.144018285043266
0.99,0.56803685,4.820679179795048,12.966260630711943,56.9903203241218
0.991,0.58995473,4.820679179795048,12.966260630711943,56.9903203241218
0.992,0.60811275,5.183059000156049,14.298543559808541,61.57354555742317
0.993,0.46606582,5.062850489708658,14.298543559808541,60.60129909724874
0.994,0.48171043,5.062850489708658,14.298543559808541,60.60129909724874
0.995,0.47147498,3.256081901073108,14.298543559808541,49.63272053971613
0.996,0.4048716,2.642097554558561,14.789798736572266,49.63272053971613
0.997,0.34542477,2.642097554558561,14.789798736572266,55.600927097299106
0.998,0.28727633,3.2173307080908415,14.789798736572266,55.600927097299106
0.999,0.25953105,1.5759030342102047,14.789798736572266,76.93892057998048
