Sparsification_fractions,MCD_rmse_values_Train,MCD_rmse_values_Test,MCD_rmse_values_OOD_EXP,MCD_rmse_values_OOD_MD
0.0,7.0238174595776135,32.76023541169466,46.90117540412234,80.55227576003587
0.001,6.9250489053890405,32.76023541169466,46.90117540412234,80.55227576003587
0.002,6.857996572397973,32.2776359946292,46.90117540412234,80.20445098370375
0.003,6.845559399648452,32.230580155713774,46.90117540412234,80.20445098370375
0.004,6.836213972987661,32.230580155713774,46.90117540412234,80.07239787420625
0.005,6.8329904110985025,32.21692672555954,46.998066443583035,80.07239787420625
0.006,6.832131551549401,32.23889914053132,46.998066443583035,80.10972564031078
0.007,6.831292017786369,32.23889914053132,46.998066443583035,80.10972564031078
0.008,6.830831108396976,32.20234282312051,46.998066443583035,80.02845908736772
0.009000000000000001,6.822287284613752,32.221604293680684,47.018782408776794,80.09205716869258
0.01,6.821041973424884,32.221604293680684,47.018782408776794,80.09205716869258
0.011,6.820194508166937,32.09142561551923,47.018782408776794,80.16315476790191
0.012,6.820469424507932,32.07699623085339,47.018782408776794,80.16315476790191
0.013000000000000001,6.8157531735072,32.07699623085339,47.11759052093843,80.23082206480571
0.014,6.80830289153534,31.891501920203027,47.11759052093843,80.23082206480571
0.015,6.796924722068826,31.827312801979474,47.11759052093843,79.87688109221588
0.016,6.795678658841679,31.843421827914362,47.11759052093843,79.16009329047112
0.017,6.780036421833767,31.843421827914362,47.21019027734613,79.16009329047112
0.018000000000000002,6.778727972464231,31.866347984744774,47.21019027734613,79.23093684320864
0.019,6.76994604807978,31.889649519324877,47.21019027734613,79.23093684320864
0.02,6.76586267339591,31.889649519324877,47.21019027734613,79.25238965679999
0.021,6.7602173131844685,31.86982875278271,47.29524040506188,79.25238965679999
0.022,6.743450433771978,31.887258919164122,47.29524040506188,79.07084907512126
0.023,6.701162324979186,31.887258919164122,47.29524040506188,79.09221005562044
0.024,6.689309268513168,31.83024712898412,47.29524040506188,79.09221005562044
0.025,6.679788323742558,31.849411336533954,46.96119608296392,78.60399865458533
0.026000000000000002,6.677964250269595,31.849411336533954,46.96119608296392,78.60399865458533
0.027,6.67385365656429,31.872335793976774,46.96119608296392,78.53876806856768
0.028,6.651661493943258,31.876272288862268,46.96119608296392,78.53876806856768
0.029,6.641494335326479,31.899721392876938,46.96119608296392,78.59577627065318
0.03,6.636737302957699,31.899721392876938,47.04518801651919,78.59577627065318
0.031,6.630488869297587,31.92168532660844,47.04518801651919,78.66377102042658
0.032,6.614833777823587,31.944569696289648,47.04518801651919,78.6942063589853
0.033,6.611564662485454,31.944569696289648,47.04518801651919,78.6942063589853
0.034,6.610958967224378,31.95986155301993,46.917011316931564,78.26169608229539
0.035,6.6102291818006185,31.919343787210284,46.917011316931564,78.26169608229539
0.036000000000000004,6.6101159596931245,31.919343787210284,46.917011316931564,78.15861818958145
0.037,6.605680736027112,31.93566737572263,46.917011316931564,78.15861818958145
0.038,6.6068089353373525,31.959633736161948,46.96831076756856,78.19584281646662
0.039,6.60459339895681,31.959633736161948,46.96831076756856,78.17595547274705
0.04,6.601280168659003,31.982526092846058,46.96831076756856,78.17595547274705
0.041,6.59820738353494,32.00518631875829,46.96831076756856,78.23609069859347
0.042,6.593659801677385,31.990658419426925,47.015136730067574,78.23609069859347
0.043000000000000003,6.585490281136214,31.990658419426925,47.015136730067574,78.28649385204457
0.044,6.584286103561752,32.007342468178315,47.015136730067574,78.28649385204457
0.045,6.582846309974468,31.95673233543165,47.015136730067574,78.35483748568939
0.046,6.580875133380384,31.95673233543165,46.83785707485353,77.6561370033007
0.047,6.56900892049846,31.962513111707246,46.83785707485353,77.6561370033007
0.048,6.564485152842743,31.9802288568944,46.83785707485353,77.4925976290546
0.049,6.551288181320948,31.9802288568944,46.83785707485353,77.4925976290546
0.05,6.551911042056948,31.99269932518201,46.85429210479316,77.55804675851027
0.051000000000000004,6.547681890230707,31.926105262402995,46.85429210479316,77.55804675851027
0.052000000000000005,6.5469608077428,31.926105262402995,46.85429210479316,77.62510473945296
0.053,6.543556822300587,31.948560071616477,46.85429210479316,77.62510473945296
0.054,6.485174732366423,31.81801772451501,46.85429210479316,77.60082665549193
0.055,6.482666849667994,31.53083474019362,46.939303955812136,77.43170516355242
0.056,6.4785079987825185,31.53083474019362,46.939303955812136,77.43170516355242
0.057,6.47737649544442,31.54453700212521,46.939303955812136,77.45737750096431
0.058,6.474693814476637,31.56014587257626,46.939303955812136,77.45737750096431
0.059000000000000004,6.449278624313962,31.56014587257626,46.67919698626107,77.4414217211963
0.06,6.441580114399224,31.584386869054146,46.67919698626107,77.4414217211963
0.061,6.438610741502638,31.603773635027054,46.67919698626107,77.42042394283561
0.062,6.4347011337913775,31.603773635027054,46.67919698626107,77.47889054396042
0.063,6.428464599511353,31.627563165030697,46.73993587596683,77.47889054396042
0.064,6.42655179599156,31.633794685342938,46.73993587596683,77.54766420928293
0.065,6.417727492963459,31.633794685342938,46.73993587596683,77.54766420928293
0.066,6.419466422483545,31.641337259403365,46.73993587596683,77.6196286548776
0.067,6.416674291177499,31.5973204616614,46.811529733650595,77.6196286548776
0.068,6.41578929011909,31.5973204616614,46.811529733650595,77.68058881735463
0.069,6.415609070083248,31.548412227911452,46.811529733650595,77.7001924477003
0.07,6.40789450572687,31.569569317714297,46.811529733650595,77.7001924477003
0.07100000000000001,6.3904394231130075,31.594137921208446,46.9142286574511,77.77356939662857
0.07200000000000001,6.38496175110513,31.594137921208446,46.9142286574511,77.77356939662857
0.073,6.387775218241051,31.612523230071478,46.9142286574511,77.64931036108835
0.074,6.383889419471627,31.637089335508406,46.9142286574511,77.64931036108835
0.075,6.383174369923986,31.637089335508406,47.00825368638689,77.34296437575674
0.076,6.37971317118977,31.649737260863176,47.00825368638689,77.35030735017693
0.077,6.36224374320553,31.674370790995006,47.00825368638689,77.35030735017693
0.078,6.35775828061133,31.674370790995006,47.00825368638689,77.17471735648574
0.079,6.341668742411565,31.693394634755684,47.00825368638689,77.17471735648574
0.08,6.324456630525367,31.693790645786045,46.93728119459441,77.24873407519273
0.081,6.325497647819785,31.693790645786045,46.93728119459441,77.24873407519273
0.082,6.327846609442274,31.65592536379225,46.93728119459441,77.24047310118536
0.083,6.31033923532339,31.67615401224608,46.93728119459441,77.24047310118536
0.084,6.310518736658703,31.695068233473343,46.49981119725528,76.43172939056592
0.085,6.293656325908561,31.695068233473343,46.49981119725528,76.48924657198582
0.08600000000000001,6.2811164043762675,31.714216072284195,46.49981119725528,76.48924657198582
0.08700000000000001,6.276755811954851,31.68760938445976,46.49981119725528,76.51207715167331
0.088,6.2752184578323265,31.68760938445976,46.53362958143742,76.51207715167331
0.089,6.274571292711278,31.695078246878413,46.53362958143742,76.40078090640216
0.09,6.261552630780788,31.718953858437224,46.53362958143742,76.40078090640216
0.091,6.261170983426744,31.718953858437224,46.53362958143742,76.47015452760687
0.092,6.257757880360971,31.68412370558074,46.63855359251125,76.54296240014679
0.093,6.257579076413968,31.709350134688936,46.63855359251125,76.54296240014679
0.094,6.247472139327937,31.709350134688936,46.63855359251125,76.60000852480837
0.095,6.249522660992031,31.732135085688036,46.63855359251125,76.60000852480837
0.096,6.2489828450629,31.700484388894825,46.603803576106266,76.67379676659402
0.097,6.243238042900088,31.725139647521054,46.603803576106266,76.67379676659402
0.098,6.243061460679233,31.725139647521054,46.603803576106266,76.516092740176
0.099,6.243685914794553,31.731859415459247,46.603803576106266,76.31083878498427
0.1,6.2407940861490605,31.7498600658015,46.68164487500054,76.31083878498427
0.101,6.241940495529767,31.7498600658015,46.68164487500054,75.60885139767107
0.10200000000000001,6.238553388109954,31.773488365567374,46.68164487500054,75.60885139767107
0.10300000000000001,6.234453137984478,31.79743597123472,46.68164487500054,75.56068528299045
0.10400000000000001,6.23687440063897,31.79743597123472,46.68164487500054,75.56068528299045
0.105,6.2336434571494586,31.813396775685582,46.77720334376325,75.59822601738328
0.106,6.233293015761423,31.83898857155472,46.77720334376325,75.59822601738328
0.107,6.233091462002706,31.83898857155472,46.77720334376325,75.66840125986447
0.108,6.22797244526734,31.851953965687745,46.77720334376325,75.21892274998665
0.109,6.223361782395908,31.761912627596764,46.563831493827955,75.21892274998665
0.11,6.173852322016304,31.785144410024,46.563831493827955,75.22852021088342
0.111,6.175450570780059,31.785144410024,46.563831493827955,75.22852021088342
0.112,6.173061600784595,31.810850480835526,46.563831493827955,75.2342698387162
0.113,6.173751902495894,31.79674344889776,46.645325924295356,75.2342698387162
0.114,6.1730108472723835,31.79674344889776,46.645325924295356,75.20924589127098
0.115,6.171638218375926,31.793671546098704,46.645325924295356,75.28043003453003
0.116,6.172724236708346,31.78187528730062,46.645325924295356,75.28043003453003
0.117,6.164252841866183,31.78187528730062,46.75498831598579,75.35558407307674
0.11800000000000001,6.163992862933885,31.804856255826227,46.75498831598579,75.35558407307674
0.11900000000000001,6.166093403007841,31.821803830594437,46.75498831598579,75.23921766184215
0.12,6.155476864439912,31.821803830594437,46.75498831598579,75.23921766184215
0.121,6.155116692618424,31.824054178991368,46.60094920155431,75.07126142371754
0.122,6.154493504928126,31.694402621261684,46.60094920155431,75.10469305715363
0.123,6.1535406674011845,31.694402621261684,46.60094920155431,75.10469305715363
0.124,6.153999373147841,31.710113014156768,46.60094920155431,74.78798747047257
0.125,6.154894715688415,31.73579412628682,45.98168570654858,74.78798747047257
0.126,6.150106121602919,31.761952495263746,45.98168570654858,74.83509694568083
0.127,6.149060672101927,31.761952495263746,45.98168570654858,74.83509694568083
0.128,6.149124798847475,31.78598848306633,45.98168570654858,74.85572482316896
0.129,6.151359877143543,31.81236141851652,45.98168570654858,74.866364486816
0.13,6.151887454047743,31.81236141851652,46.03111400765733,74.866364486816
0.131,6.137445478253653,31.62345385331372,46.03111400765733,74.91714505883309
0.132,6.138781224955142,31.644012303572,46.03111400765733,74.91714505883309
0.133,6.139553016267452,31.644012303572,46.03111400765733,74.30796109051468
0.134,6.1387473468766105,31.67021066917925,45.730709827953575,74.30796109051468
0.135,6.137078775999494,31.685029152175805,45.730709827953575,74.3667035878362
0.136,6.136882429878601,31.685029152175805,45.730709827953575,74.3667035878362
0.137,6.136497624464289,31.687822937636394,45.730709827953575,72.88666143234451
0.138,6.1275151872555815,31.700954593261265,45.249103395295016,72.42890271148299
0.139,6.127778511208635,31.726332077331648,45.249103395295016,72.42890271148299
0.14,6.12958267911832,31.726332077331648,45.249103395295016,72.33093687493246
0.14100000000000001,6.1296641882818435,31.750366192009047,45.249103395295016,72.33093687493246
0.14200000000000002,6.126037619206701,31.769210429182163,45.2128856869014,72.38994001054428
0.14300000000000002,6.127439228143317,31.769210429182163,45.2128856869014,72.38994001054428
0.14400000000000002,6.1217063738659085,31.796026014745483,45.2128856869014,72.43944144044237
0.145,6.118456566158927,31.816753411501587,45.2128856869014,72.45756575037247
0.146,6.117570716544651,31.816753411501587,45.32070088932817,72.45756575037247
0.147,6.075652866505031,31.842797197200284,45.32070088932817,72.39513402536977
0.148,6.0754880979635795,31.853708296375117,45.32070088932817,72.39513402536977
0.149,6.071222009704068,31.853708296375117,45.32070088932817,72.46043685706111
0.15,6.068669844612132,31.880406760786517,45.406010364589044,72.46043685706111
0.151,6.064702775693809,31.804112401212585,45.406010364589044,72.52963004204581
0.152,6.063659174547827,31.760241669390897,45.406010364589044,72.60436701171925
0.153,6.063862592537941,31.760241669390897,45.406010364589044,72.60436701171925
0.154,6.058012443105408,31.211298666940667,45.406010364589044,72.28492691207322
0.155,6.051626942176224,31.220318013132296,45.06123447233211,72.28492691207322
0.156,6.051872233228897,31.220318013132296,45.06123447233211,72.36042137358292
0.157,6.052133020173072,31.213082943441908,45.06123447233211,72.36042137358292
0.158,6.049200728277172,31.23218768712469,45.06123447233211,72.26272799219834
0.159,6.050189272566156,31.23218768712469,45.17225452470002,72.26272799219834
0.16,6.051846150229172,31.115631448667045,45.17225452470002,72.31409196205692
0.161,6.054606935851625,31.133170211175162,45.17225452470002,72.1593907284998
0.162,6.051427900794544,31.133170211175162,45.17225452470002,72.1593907284998
0.163,6.0536339416797285,31.151635833638682,44.51146409568863,71.93110739338289
0.164,6.052717418245348,31.170815257311407,44.51146409568863,71.93110739338289
0.165,6.047956198393869,31.191470065743363,44.51146409568863,71.88517621517443
0.166,6.049572425444238,31.191470065743363,44.51146409568863,71.88517621517443
0.167,6.052186538543685,31.192497294838223,44.50081393359277,71.34325798931374
0.168,6.052246999337985,31.219590246617997,44.50081393359277,70.81927903061204
0.169,6.05151815713053,31.219590246617997,44.50081393359277,70.81927903061204
0.17,6.005887804481077,31.244870513747163,44.50081393359277,70.8047569599611
0.171,6.007722313139401,31.23669191833236,44.22329810793236,70.8047569599611
0.17200000000000001,5.998125971636183,31.23669191833236,44.22329810793236,70.86139870593804
0.17300000000000001,5.996283873605101,31.260147404156225,44.22329810793236,70.86139870593804
0.17400000000000002,5.997489116038255,31.286074745263093,44.22329810793236,70.92584422490441
0.17500000000000002,5.99681391935918,31.286074745263093,44.194519399033304,70.67873120068012
0.176,5.995363445897035,31.306367284264454,44.194519399033304,70.67873120068012
0.177,5.996961571953121,31.32893089742788,44.194519399033304,70.75180974646038
0.178,5.9942727779305205,31.32893089742788,44.194519399033304,70.75180974646038
0.179,5.994599864905555,31.349700167899147,44.194519399033304,70.82781725112821
0.18,5.98761198301104,31.373294236356415,44.25475633182822,70.82781725112821
0.181,5.98943471788657,31.396864241330405,44.25475633182822,70.41930353186376
0.182,5.9916359099188465,31.396864241330405,44.25475633182822,70.49369483510964
0.183,5.993195634122295,31.420895014531446,44.25475633182822,70.49369483510964
0.184,5.993482694843535,31.43139536145096,44.180102153194134,70.56958443067889
0.185,5.9949663869796135,31.43139536145096,44.180102153194134,70.56958443067889
0.186,5.985780072164881,31.359171794733637,44.180102153194134,70.22392762830775
0.187,5.989081785199678,31.38249717099574,44.180102153194134,70.22392762830775
0.188,5.9898762816803295,31.38249717099574,44.22655662182762,70.24926573182273
0.189,5.986627065634762,31.39785228591138,44.22655662182762,70.24926573182273
0.19,5.982244876405727,31.425107241411602,44.22655662182762,70.32268895377582
0.191,5.974600084745954,31.425107241411602,44.22655662182762,70.39940166694655
0.192,5.868293720945008,31.434322328149076,44.24290447430528,70.39940166694655
0.193,5.867147349931003,31.46201025320158,44.24290447430528,70.23837064663455
0.194,5.865513316511786,31.486061123036542,44.24290447430528,70.23837064663455
0.195,5.8659381254396346,31.486061123036542,44.24290447430528,70.08878086247897
0.196,5.8656906621532094,31.51398356736508,43.88320416487837,70.08878086247897
0.197,5.866895101678064,31.54018122199797,43.88320416487837,70.02544541339587
0.198,5.862499759721681,31.54018122199797,43.88320416487837,70.1019107639696
0.199,5.859403683542228,31.554529135670585,43.88320416487837,70.1019107639696
0.2,5.86188388953115,31.580604159174136,43.81501396336293,70.06876184323261
0.201,5.850765850534519,31.580604159174136,43.81501396336293,70.06876184323261
0.202,5.852183793304865,31.588521120368732,43.81501396336293,69.84049213824805
0.203,5.8516151734347535,31.605787928108878,43.81501396336293,69.84049213824805
0.20400000000000001,5.852306173553327,31.605787928108878,43.81501396336293,69.79388643307077
0.20500000000000002,5.8529915067956795,31.62532545262098,43.90324111170391,69.77982445717723
0.20600000000000002,5.827873705628933,31.60045468813524,43.90324111170391,69.77982445717723
0.20700000000000002,5.820191213173892,31.599993487519384,43.90324111170391,69.53090869533449
0.20800000000000002,5.818943576876382,31.599993487519384,43.90324111170391,69.53090869533449
0.209,5.798157776472013,31.62847022930006,43.98994396468473,69.58006733112622
0.21,5.800122455796779,31.656578592272403,43.98994396468473,69.58006733112622
0.211,5.799426888863734,31.656578592272403,43.98994396468473,69.59410722062186
0.212,5.797093995274172,31.67588469504303,43.98994396468473,69.59410722062186
0.213,5.797145737516633,31.704940092612652,43.62173864866983,69.64468692074776
0.214,5.79954978854123,31.704940092612652,43.62173864866983,69.71938328781373
0.215,5.798053077358265,31.67692039988319,43.62173864866983,69.71938328781373
0.216,5.79731359141724,31.70054209448596,43.62173864866983,69.73056606837379
0.217,5.796901656360696,31.70054209448596,43.72634249096419,69.73056606837379
0.218,5.796867894559998,31.700399120083453,43.72634249096419,69.7507946502454
0.219,5.791142286769272,31.720890963108722,43.72634249096419,69.7507946502454
0.22,5.79308929052501,31.714259391959214,43.72634249096419,69.82692204657882
0.221,5.777025676753792,31.714259391959214,43.740453137113185,69.61222544229206
0.222,5.773507823680037,31.708612684212593,43.740453137113185,69.61222544229206
0.223,5.767251953125719,31.72750338330044,43.740453137113185,69.51498371891664
0.224,5.761666740620067,31.72750338330044,43.740453137113185,69.51498371891664
0.225,5.762600265584282,31.7485604006572,43.54210268388297,69.56577101481669
0.226,5.751930896040728,31.77445080021044,43.54210268388297,69.56577101481669
0.227,5.750565393426213,31.77445080021044,43.54210268388297,69.58603344314255
0.228,5.746847833301214,31.80042132159233,43.54210268388297,69.50453045867528
0.229,5.744037703914531,31.75825868090151,43.54210268388297,69.50453045867528
0.23,5.744221747312663,31.75825868090151,43.64767792920189,69.49577188308702
0.231,5.743031995906067,31.784428037115838,43.64767792920189,69.49577188308702
0.232,5.741381227794778,31.783598009756684,43.64767792920189,69.52872106354245
0.233,5.741270446669898,31.78449447316407,43.64767792920189,69.52872106354245
0.234,5.7421848178041595,31.78449447316407,43.44560249575899,69.59770431427927
0.23500000000000001,5.732270902468854,31.811950922553468,43.44560249575899,69.64337209118793
0.23600000000000002,5.72569293409439,31.84071108637168,43.44560249575899,69.64337209118793
0.23700000000000002,5.726924265659207,31.84071108637168,43.44560249575899,69.72209551710338
0.23800000000000002,5.719516554541773,31.863319716916365,42.74237862964394,69.72209551710338
0.23900000000000002,5.718811913728549,31.870434529483173,42.74237862964394,69.80239421030844
0.24,5.705437598392898,31.870434529483173,42.74237862964394,69.80239421030844
0.241,5.700342846958879,31.89576372227263,42.74237862964394,69.33680549835594
0.242,5.699107818880631,31.821291039927214,42.845341628342794,69.33680549835594
0.243,5.7003109963544984,31.821291039927214,42.845341628342794,69.38165125541883
0.244,5.699201084642756,31.81686611436984,42.845341628342794,69.43353889426339
0.245,5.698111984736454,31.82102546744079,42.845341628342794,69.43353889426339
0.246,5.701104038157117,31.82102546744079,42.95235008033836,69.4564775737527
0.247,5.700238416917428,31.85143051261322,42.95235008033836,69.4564775737527
0.248,5.699414283471764,31.87995045690348,42.95235008033836,69.47371713458779
0.249,5.677518253753409,31.896452010503822,42.95235008033836,69.47371713458779
0.25,5.674884238731323,31.896452010503822,43.048234507360505,69.1518514171074
0.251,5.67402375866892,31.926123095442485,43.048234507360505,69.13792170078247
0.252,5.657100485770973,31.885091758731537,43.048234507360505,69.13792170078247
0.253,5.6530663839241,31.885091758731537,43.048234507360505,68.94023598416834
0.254,5.655521180580708,31.90950576638193,43.048234507360505,68.94023598416834
0.255,5.657403672578933,31.940156901928507,43.166942445849806,69.00875011074466
0.256,5.654064888556335,31.940156901928507,43.166942445849806,69.00875011074466
0.257,5.643581637479791,31.938180618538382,43.166942445849806,69.08784144081913
0.258,5.632912442547601,31.936598527113947,43.166942445849806,69.15995796924952
0.259,5.631167587224358,31.936598527113947,43.00930790730811,69.15995796924952
0.26,5.634272554092285,31.966027120021632,43.00930790730811,68.97821122007777
0.261,5.6366761184220495,31.992342510986706,43.00930790730811,68.97821122007777
0.262,5.639732964876949,32.02141514878444,43.00930790730811,69.05614035505769
0.263,5.640084844275802,32.02141514878444,43.05463396124621,69.05614035505769
0.264,5.638013229432086,32.05227658454016,43.05463396124621,69.12931318530306
0.265,5.637096285425841,32.083789954356185,43.05463396124621,69.12931318530306
0.266,5.631165907821521,32.083789954356185,43.05463396124621,69.15640365766345
0.267,5.622345321328718,32.10666365145469,42.97420896342316,69.13151216251867
0.268,5.624167291730819,32.06205690807561,42.97420896342316,69.13151216251867
0.269,5.621687960553828,32.06205690807561,42.97420896342316,68.95375691770217
0.27,5.6210432417341964,32.087007416659695,42.97420896342316,68.95375691770217
0.271,5.620653019585601,32.04959765758954,43.09645687306348,69.03112164845484
0.272,5.621941647376009,32.04959765758954,43.09645687306348,69.03112164845484
0.273,5.625046591758558,32.08128887059948,43.09645687306348,69.1070946668847
0.274,5.621633397845257,32.102522210272106,43.09645687306348,69.09476151022145
0.275,5.622936837664167,31.59450982002077,43.206045747304486,69.09476151022145
0.276,5.62117700937806,31.59450982002077,43.206045747304486,69.17408155694987
0.277,5.616060278570493,31.61596777851934,43.206045747304486,69.17408155694987
0.278,5.615826673876655,31.64657714616615,43.206045747304486,69.24898683904829
0.279,5.609365328051545,31.64657714616615,43.206045747304486,69.24898683904829
0.28,5.609789677269306,31.676586311825428,42.79468849472538,69.33378570749248
0.281,5.608997265696784,31.6877320099489,42.79468849472538,69.41755667079504
0.28200000000000003,5.611336361316386,31.6877320099489,42.79468849472538,69.41755667079504
0.28300000000000003,5.611044461394074,31.503285312850384,42.79468849472538,69.35983712474055
0.28400000000000003,5.610127956860417,31.520035958562264,42.89245432182317,69.35983712474055
0.28500000000000003,5.608058501475249,31.520035958562264,42.89245432182317,69.32194528674391
0.28600000000000003,5.609330233693657,31.55144698557576,42.89245432182317,69.32194528674391
0.28700000000000003,5.60664364467111,31.582558652800657,42.89245432182317,69.40628550802427
0.28800000000000003,5.6058612545834405,31.514774605501433,42.98964411354097,69.49099612107226
0.289,5.604823482601586,31.514774605501433,42.98964411354097,69.49099612107226
0.29,5.602576309125699,31.54668110988377,42.98964411354097,69.47390990562374
0.291,5.598189189170955,31.578812980347195,42.98964411354097,69.47390990562374
0.292,5.600084973738713,31.578812980347195,43.08503776811316,69.51643587527126
0.293,5.597941150855541,31.610643920792995,43.08503776811316,69.51643587527126
0.294,5.5976271212050355,31.615801752706165,43.08503776811316,69.58646696367599
0.295,5.597822340517263,31.615801752706165,43.08503776811316,69.58646696367599
0.296,5.5970861343785,31.642893222595955,43.198527743489706,68.80210725519973
0.297,5.595827379219108,31.67517453385967,43.198527743489706,68.84107789567445
0.298,5.5945399830325355,31.67517453385967,43.198527743489706,68.84107789567445
0.299,5.5958132289145075,31.707636196354088,43.198527743489706,68.88583270172447
0.3,5.594153627178261,31.735993483197788,43.270028739613664,68.88583270172447
0.301,5.595220948711374,31.735993483197788,43.270028739613664,68.96890552004103
0.302,5.597164555228207,31.72378400581858,43.270028739613664,68.96890552004103
0.303,5.595638169188712,31.756116244455008,43.270028739613664,67.99755254643134
0.304,5.581620547678907,31.77063653448512,43.270028739613664,68.0301996181458
0.305,5.570301553200084,31.77063653448512,43.3992641633252,68.0301996181458
0.306,5.564297170774841,31.80362225047189,43.3992641633252,67.61227578399993
0.307,5.561788417764178,31.8343835299342,43.3992641633252,67.61227578399993
0.308,5.558909547335074,31.8343835299342,43.3992641633252,67.69185930749096
0.309,5.557478389431684,31.82533060000775,43.109332297442286,67.69185930749096
0.31,5.5595136654040065,31.852624820900594,43.109332297442286,67.71539015602006
0.311,5.559424172426177,31.852624820900594,43.109332297442286,67.59459527352023
0.312,5.559227464678248,31.881141504661528,43.109332297442286,67.59459527352023
0.313,5.559208212982388,31.908440066814673,43.23119128846968,67.64737220824196
0.314,5.558679760580437,31.908440066814673,43.23119128846968,67.64737220824196
0.315,5.557444385103365,31.941406689442378,43.23119128846968,67.72368173331081
0.316,5.558305897837714,31.974968938387875,43.23119128846968,67.72368173331081
0.317,5.557715567029271,31.947409541057134,43.26137604998707,67.79051795147524
0.318,5.553675794579053,31.947409541057134,43.26137604998707,67.79051795147524
0.319,5.552096439725903,31.920443357629395,43.26137604998707,67.6968961709984
0.32,5.552015632001207,31.91099813982373,43.26137604998707,67.64459762718508
0.321,5.55394613269301,31.91099813982373,43.29336884300709,67.64459762718508
0.322,5.551946294545728,31.86206997563497,43.29336884300709,67.7121748470615
0.323,5.54885679494881,31.87500053600863,43.29336884300709,67.7121748470615
0.324,5.551518278125999,31.87500053600863,43.29336884300709,67.09890106211121
0.325,5.549041919487727,31.89889434658302,43.25446727604455,67.09890106211121
0.326,5.546253674559998,31.79070518957732,43.25446727604455,67.1839418706135
0.327,5.546083389336301,31.79070518957732,43.25446727604455,67.26656287762063
0.328,5.549310626178756,31.75707262421677,43.25446727604455,67.26656287762063
0.329,5.548928071915641,31.75968235494939,43.25446727604455,67.25014720085274
0.33,5.544918123965411,31.78291228983735,43.284615023316185,67.25014720085274
0.331,5.54543121756632,31.78291228983735,43.284615023316185,67.30648264196275
0.332,5.542968027546547,31.80959200176629,43.284615023316185,67.30648264196275
0.333,5.5318872076672685,31.766668437275552,43.284615023316185,67.39529240997075
0.334,5.530529890336804,31.766668437275552,43.411248451450604,67.4780975447605
0.335,5.5316997188522254,31.78280796901733,43.411248451450604,67.4780975447605
0.336,5.531889000869057,31.786748139859032,43.411248451450604,67.53151384752066
0.337,5.530367389962356,31.786748139859032,43.411248451450604,67.53151384752066
0.338,5.5293917352365485,31.821323817692136,43.41961888734358,67.40506344548758
0.339,5.519269700236646,31.855439963224985,43.41961888734358,67.40506344548758
0.34,5.50959825956545,31.855439963224985,43.41961888734358,67.48892622720236
0.341,5.5064290176415245,31.84439760133136,43.41961888734358,67.3410599242267
0.342,5.50710314516458,31.877233266180017,42.89830307288494,67.3410599242267
0.343,5.5093107245211845,31.89886927029724,42.89830307288494,67.42759764995132
0.34400000000000003,5.496253392754356,31.89886927029724,42.89830307288494,67.42759764995132
0.34500000000000003,5.499097767593723,31.885987033070744,42.89830307288494,67.51771316333145
0.34600000000000003,5.501692990218507,31.916871481306437,41.79729062278362,67.51771316333145
0.34700000000000003,5.499717492674751,31.916871481306437,41.79729062278362,67.59879605598968
0.34800000000000003,5.450823723907387,31.52123880106811,41.79729062278362,67.59879605598968
0.34900000000000003,5.4445777281044805,31.555268274568167,41.79729062278362,67.68713515375043
0.35000000000000003,5.4433290584962455,31.555268274568167,41.90402533877865,67.77780304709098
0.35100000000000003,5.4462830934606,31.58457477102254,41.90402533877865,67.77780304709098
0.352,5.446831518935804,31.611484557603436,41.90402533877865,67.79275035728826
0.353,5.437328540543569,31.611484557603436,41.90402533877865,67.79275035728826
0.354,5.438443553801352,31.6404896913358,41.90402533877865,67.88194884314323
0.355,5.437076072351407,31.667654857764084,42.03894036502509,67.88194884314323
0.356,5.435760949040439,31.667654857764084,42.03894036502509,67.45032985661358
0.357,5.438655551433325,31.6838023597574,42.03894036502509,67.39453376605411
0.358,5.433964982994974,31.692847037925386,42.03894036502509,67.39453376605411
0.359,5.435765234012385,31.716216296508176,42.08594813145033,67.39892942500613
0.36,5.427564471699973,31.716216296508176,42.08594813145033,67.39892942500613
0.361,5.425842871900712,31.752074098361017,42.08594813145033,67.06832567486482
0.362,5.413628667918139,31.685805815509244,42.08594813145033,67.06832567486482
0.363,5.414201171950766,31.685805815509244,41.88561515963843,67.02005180444485
0.364,5.415558955798957,31.334242726892526,41.88561515963843,67.11058812274081
0.365,5.416777678760954,31.368674141064243,41.88561515963843,67.11058812274081
0.366,5.418753130961068,31.368674141064243,41.88561515963843,67.20131479293082
0.367,5.421436093893712,31.395125632632865,41.91122909585892,67.20131479293082
0.368,5.4216441835302716,31.414111113864514,41.91122909585892,67.2551360959955
0.369,5.422085881491047,31.414111113864514,41.91122909585892,67.2551360959955
0.37,5.417932406957907,31.429224742802546,41.91122909585892,66.54070752259463
0.371,5.407816546963563,31.464666278017102,42.02114838108195,66.54070752259463
0.372,5.409469983874284,31.257295561158898,42.02114838108195,66.61636682257489
0.373,5.401114918635854,31.257295561158898,42.02114838108195,66.6295500716407
0.374,5.397952095591077,31.281212198208067,42.02114838108195,66.6295500716407
0.375,5.400907928534673,31.31257518645665,41.958295344913466,66.67954323195747
0.376,5.3861659414516945,31.31257518645665,41.958295344913466,66.67954323195747
0.377,5.381946288750306,31.325595918882918,41.958295344913466,66.75859640703948
0.378,5.382996406846553,31.361887162964386,41.958295344913466,66.75859640703948
0.379,5.383453852162854,31.361887162964386,41.958295344913466,66.52756056174756
0.38,5.385350105242032,31.365052968646395,41.98875802522131,66.62019852115306
0.381,5.38063837372086,31.400449319001336,41.98875802522131,66.62019852115306
0.382,5.37859307010343,31.400449319001336,41.98875802522131,66.20651408673014
0.383,5.381178827520106,31.387511373317793,41.98875802522131,66.20651408673014
0.384,5.383751991937997,31.41697074698715,41.92083797758789,65.63892226060675
0.385,5.383092269148988,31.44957652548976,41.92083797758789,65.63892226060675
0.386,5.386561380733979,31.44957652548976,41.92083797758789,65.42396016410163
0.387,5.388542983408463,31.438429403126975,41.92083797758789,65.25524778792868
0.388,5.388204848237104,31.47553201353391,42.06188503078758,65.25524778792868
0.389,5.387571082702649,31.47553201353391,42.06188503078758,65.3142860712819
0.39,5.382149842127165,31.46328218714226,42.06188503078758,65.3142860712819
0.391,5.36705720049791,31.500199678010755,42.06188503078758,65.39280613998109
0.392,5.363619329781341,31.500199678010755,41.99403177932905,65.39280613998109
0.393,5.366260619828422,31.52534570750369,41.99403177932905,65.26233759811798
0.394,5.368832889992393,31.55490979287143,41.99403177932905,65.34237665461634
0.395,5.371266224166601,31.55490979287143,41.99403177932905,65.34237665461634
0.396,5.371233587903989,31.511372206841465,42.138339251225936,65.42041122477882
0.397,5.323575293945901,31.549120193252122,42.138339251225936,65.42041122477882
0.398,5.324717796315229,31.582224071243132,42.138339251225936,65.47220672173579
0.399,5.32678896929192,31.582224071243132,42.138339251225936,65.47220672173579
0.4,5.321685651403478,31.522954184994223,42.05362195737626,65.55406901837566
0.401,5.323598993595615,31.52771477963286,42.05362195737626,65.55406901837566
0.402,5.321206184878244,31.52771477963286,42.05362195737626,65.6261825220159
0.403,5.3167273492082,31.544567821323852,42.05362195737626,65.48929878355364
0.404,5.3200396756622546,31.57221732825351,42.05362195737626,65.48929878355364
0.405,5.3192531567625325,31.57221732825351,40.331179259142985,65.5861889522369
0.406,5.3164908811104326,31.03595882852717,40.331179259142985,65.5861889522369
0.40700000000000003,5.319394362193232,31.02207837418042,40.331179259142985,65.6435731905765
0.40800000000000003,5.320220372235574,31.02207837418042,40.331179259142985,65.6435731905765
0.40900000000000003,5.319493391973683,31.059820927991787,40.26535663216473,65.7384230615124
0.41000000000000003,5.318661404216439,30.940234785364925,40.26535663216473,65.273078731039
0.41100000000000003,5.32035278074473,30.9666060264893,40.26535663216473,65.273078731039
0.41200000000000003,5.3152759937413405,30.9666060264893,40.26535663216473,65.31187496629074
0.41300000000000003,5.30850500130438,30.99712969392497,40.22022634467201,65.31187496629074
0.41400000000000003,5.308376873364811,30.972729428626522,40.22022634467201,65.41004304679043
0.41500000000000004,5.3095574444925004,30.972729428626522,40.22022634467201,65.41004304679043
0.41600000000000004,5.302695731177879,30.895080412790076,40.22022634467201,65.45690120304954
0.417,5.299665732265395,30.932925581838663,40.35842409516391,65.55298571326944
0.418,5.300263955276633,30.932925581838663,40.35842409516391,65.55298571326944
0.419,5.3032131655738155,30.818910176811773,40.35842409516391,65.35204120499147
0.42,5.294322372162809,30.837114389883816,40.35842409516391,65.35204120499147
0.421,5.29592447527778,30.837114389883816,40.289509942708484,65.35539280158972
0.422,5.297715247253385,30.874855889600315,40.289509942708484,65.35539280158972
0.423,5.294428340871974,30.90735114530829,40.289509942708484,65.24661345418058
0.424,5.290526110508262,30.90735114530829,40.289509942708484,65.24661345418058
0.425,5.293112058682047,30.931184677295565,40.25038185533868,65.12800942748316
0.426,5.288442387783398,30.92320003630604,40.25038185533868,65.18357935497731
0.427,5.291210933506137,30.96180331447932,40.25038185533868,65.18357935497731
0.428,5.294514848254679,30.96180331447932,40.25038185533868,65.21053004114417
0.429,5.296450583699501,30.995162060044887,40.25038185533868,65.21053004114417
0.43,5.289568792479559,30.96456490498872,40.39566620774056,65.29510328274
0.431,5.278356008002897,30.96456490498872,40.39566620774056,65.29510328274
0.432,5.276678952999586,30.99639502929441,40.39566620774056,65.30093683323067
0.433,5.277353239278929,31.034745505453987,40.39566620774056,64.88792168578028
0.434,5.276199602481867,31.034745505453987,40.37655402926106,64.88792168578028
0.435,5.2721287103403345,30.985294958124996,40.37655402926106,64.95887771908687
0.436,5.274777217253715,31.021198697757644,40.37655402926106,64.95887771908687
0.437,5.278672116166417,31.021198697757644,40.37655402926106,65.01433774469629
0.438,5.281164656108831,31.06049720117683,38.48038305151745,65.01433774469629
0.439,5.279438175233353,31.086433523693188,38.48038305151745,64.56469312505374
0.44,5.279294860342043,31.12310450255377,38.48038305151745,64.66515215587431
0.441,5.2714994213931625,31.12310450255377,38.48038305151745,64.66515215587431
0.442,5.267982468967968,31.161334589402625,38.580717807046895,64.74204945491569
0.443,5.267019944881665,31.18047657717261,38.580717807046895,64.74204945491569
0.444,5.2685182043321195,31.18047657717261,38.580717807046895,64.80984345017876
0.445,5.272113947185154,31.220561972788143,38.580717807046895,64.80984345017876
0.446,5.275566844546112,31.240269841821426,38.717995271358596,64.91288331099439
0.447,5.275239537710591,31.240269841821426,38.717995271358596,65.01541256551832
0.448,5.273165177566611,31.23700004641578,38.717995271358596,65.01541256551832
0.449,5.275838153864876,31.210094640360442,38.717995271358596,65.07006060378096
0.45,5.279794470227819,31.210094640360442,38.60321003900991,65.07006060378096
0.451,5.269324131020977,31.20235479840104,38.60321003900991,65.17192591699248
0.452,5.2688448645901556,31.240232719044418,38.60321003900991,65.17192591699248
0.453,5.272102526424773,31.246878149879667,38.60321003900991,65.12611331281188
0.454,5.2625697929654045,31.246878149879667,38.60321003900991,65.12611331281188
0.455,5.258828516198861,31.286490157467924,38.476434894552845,65.20542144560642
0.456,5.257525381162901,31.309078802244304,38.476434894552845,65.26040551733863
0.457,5.254917697974119,31.309078802244304,38.476434894552845,65.26040551733863
0.458,5.250676031155547,31.32877178650383,38.476434894552845,65.32415701390502
0.459,5.245952532578308,31.3232338412858,38.59312884589318,65.32415701390502
0.46,5.245709023335708,31.3232338412858,38.59312884589318,63.57810958519131
0.461,5.247496006034123,31.054745202539678,38.59312884589318,63.57810958519131
0.462,5.235210499415112,31.09642357082636,38.59312884589318,63.07031178353682
0.463,5.2375690293703965,31.09642357082636,38.032267070074155,63.168347001288566
0.464,5.239755368532307,31.073828177425206,38.032267070074155,63.168347001288566
0.465,5.239028936974099,30.98029290211184,38.032267070074155,62.98937250279963
0.466,5.237689060634242,31.019301580495874,38.032267070074155,62.98937250279963
0.467,5.2364772498474,31.019301580495874,38.049530319383166,62.98454681585643
0.468,5.23611253302536,31.026436212434483,38.049530319383166,62.98454681585643
0.46900000000000003,5.23817325642293,30.791282206017176,38.049530319383166,62.914603337288504
0.47000000000000003,5.240242262910069,30.791282206017176,38.049530319383166,62.772827486846225
0.47100000000000003,5.237835622313236,30.831405976523325,38.16798109494455,62.772827486846225
0.47200000000000003,5.235213749094955,30.69874682507771,38.16798109494455,62.86666820797093
0.47300000000000003,5.226638822151113,30.69874682507771,38.16798109494455,62.86666820797093
0.47400000000000003,5.224971787374933,30.695642435679755,38.16798109494455,62.95071891110677
0.47500000000000003,5.223238361996368,30.734052312025657,38.27291603542885,62.95071891110677
0.47600000000000003,5.224329528899702,30.734052312025657,38.27291603542885,63.0325534160367
0.47700000000000004,5.221149382291441,30.760131928223753,38.27291603542885,63.0325534160367
0.47800000000000004,5.22239142483103,30.802186154519482,38.27291603542885,63.13759626493017
0.47900000000000004,5.225130475070596,30.802186154519482,38.27291603542885,63.15085287729663
0.48,5.225092115822744,30.820463097887547,38.42304017732428,63.15085287729663
0.481,5.225858125364404,30.861654337195343,38.42304017732428,63.24239691152732
0.482,5.221631016655566,30.80113592830379,38.42304017732428,63.24239691152732
0.483,5.217586183031827,30.80113592830379,38.42304017732428,63.316665743482034
0.484,5.210854889251725,30.817358420357287,38.5776416373598,63.316665743482034
0.485,5.186994411034482,30.853453981554267,38.5776416373598,63.275579281874066
0.486,5.188845480023745,30.853453981554267,38.5776416373598,63.318220354775974
0.487,5.185627026962879,30.81706519760355,38.5776416373598,63.318220354775974
0.488,5.173931849948211,30.834160576613776,38.72205035244063,63.415427582101415
0.489,5.153204112253888,30.834160576613776,38.72205035244063,63.415427582101415
0.49,5.149158655410749,30.86849901455418,38.72205035244063,63.30599359265924
0.491,5.148104790292063,30.896537997475768,38.72205035244063,63.30599359265924
0.492,5.146494717933734,30.896537997475768,38.86869171459939,63.39069487934287
0.493,5.146579725100496,30.93419786995035,38.86869171459939,63.500857385005006
0.494,5.1392825691199295,30.92832775374234,38.86869171459939,63.500857385005006
0.495,5.141610683373748,30.971744807572893,38.86869171459939,63.44274907792787
0.496,5.142341115819351,30.971744807572893,39.021065367181976,63.44274907792787
0.497,5.142126301102403,31.014323140322414,39.021065367181976,63.545242480076574
0.498,5.139511181213708,30.446355779140852,39.021065367181976,63.545242480076574
0.499,5.138556764774819,30.446355779140852,39.021065367181976,63.575938859591055
0.5,5.141261274344981,30.479955025551458,38.76354875509406,63.31760898783828
0.501,5.142344589865171,30.520536130183114,38.76354875509406,63.31760898783828
0.502,5.145077988148148,30.520536130183114,38.76354875509406,63.26405400102104
0.503,5.148323502808777,30.51511424275379,38.76354875509406,63.26405400102104
0.504,5.149830997202828,30.429229770065714,38.76354875509406,63.37458627941975
0.505,5.151357830184996,30.429229770065714,38.83724911739452,63.37458627941975
0.506,5.153929995492489,30.46080428092357,38.83724911739452,63.452172031776776
0.507,5.151551260691567,30.501653524102487,38.83724911739452,63.452172031776776
0.508,5.141086837705959,30.545905413406395,38.83724911739452,63.54519315616929
0.509,5.141929138105988,30.545905413406395,39.00129479675745,63.50865867764473
0.51,5.139544671702397,30.58997011438751,39.00129479675745,63.50865867764473
0.511,5.141488575257756,30.576058856764288,39.00129479675745,63.622301812580865
0.512,5.1396726463889655,30.576058856764288,39.00129479675745,63.622301812580865
0.513,5.140019547585493,30.621386929518085,39.0294531168149,63.72238484834448
0.514,5.143491508005272,30.638404522846624,39.0294531168149,63.72238484834448
0.515,5.146860718520901,30.638404522846624,39.0294531168149,63.82814400090905
0.516,5.150569204299483,30.684099386264418,39.0294531168149,63.81698855117664
0.517,5.151122581279418,30.728277669990614,39.19710769638544,63.81698855117664
0.518,5.153691045292415,30.728277669990614,39.19710769638544,63.85052971306852
0.519,5.151703199438575,30.765156841709473,39.19710769638544,63.85052971306852
0.52,5.149697481019202,30.5242745293212,39.19710769638544,63.928252716184716
0.521,5.1530507097816,30.562897038625472,38.39970698889363,63.928252716184716
0.522,5.138188005593514,30.562897038625472,38.39970698889363,64.02745891836699
0.523,5.141456687569751,30.60915704449579,38.39970698889363,64.06652271437027
0.524,5.1438147887510475,30.560558687619025,38.39970698889363,64.06652271437027
0.525,5.136699870194936,30.560558687619025,38.542281882608656,64.18548604553435
0.526,5.13623956782833,30.604127162083653,38.542281882608656,64.18548604553435
0.527,5.1326384877430105,30.602432473000956,38.542281882608656,64.3003536515176
0.528,5.131346818576169,30.602432473000956,38.542281882608656,64.3003536515176
0.529,5.1297990060760545,30.630290913862083,38.542281882608656,64.3454886623201
0.53,5.132494473091703,30.610277449649562,38.27329595350318,64.3454886623201
0.531,5.129607765023201,30.610277449649562,38.27329595350318,64.42705717439968
0.532,5.132361112588498,30.619759736943745,38.27329595350318,64.48772996854042
0.533,5.124192097213694,30.639000021672487,38.27329595350318,64.48772996854042
0.534,5.126428552565356,30.639000021672487,38.419170027049034,64.60929052736417
0.535,5.128596173827631,30.684457927873417,38.419170027049034,64.60929052736417
0.536,5.096314913878257,30.723620871627396,38.419170027049034,64.66934089912485
0.537,5.10104449591288,30.76294474172581,38.419170027049034,64.66934089912485
0.538,4.9843718384931,30.76294474172581,38.3052847850242,64.58695376182921
0.539,4.986158541333947,30.784533449195113,38.3052847850242,64.68350925164118
0.54,4.986578232026961,30.72817242657148,38.3052847850242,64.68350925164118
0.541,4.989037049853048,30.72817242657148,38.3052847850242,64.54494163540558
0.542,4.985883206977244,30.724003829031396,38.46627523612739,64.54494163540558
0.543,4.984255851134895,30.768246354894792,38.46627523612739,64.50878103396052
0.544,4.9733481987275185,30.768246354894792,38.46627523612739,64.50878103396052
0.545,4.9717351206504645,30.816557034686635,38.46627523612739,64.03601869089594
0.546,4.972807051270459,30.85706855276731,37.59587308759645,63.99639435678211
0.547,4.977610533715173,30.85706855276731,37.59587308759645,63.99639435678211
0.548,4.979260016321997,30.896802404696544,37.59587308759645,64.10148610484745
0.549,4.9839813528758485,30.881910310831177,37.59587308759645,64.10148610484745
0.55,4.985482171549506,30.92494769064297,37.27701686183855,64.06620517635059
0.551,4.979534521216771,30.92494769064297,37.27701686183855,64.06620517635059
0.552,4.970151569624734,30.968450872837252,37.27701686183855,63.93082865754995
0.553,4.966812020035506,30.97259687428469,37.27701686183855,63.93082865754995
0.554,4.968296773040418,30.97259687428469,37.27701686183855,63.96713362903785
0.555,4.949254660978097,31.022820784239983,37.32153542913486,64.07484315268061
0.556,4.948769901469585,31.07328836543141,37.32153542913486,64.07484315268061
0.557,4.952492113865044,31.07328836543141,37.32153542913486,64.13376569376662
0.558,4.945745294937598,31.09840877228423,37.32153542913486,64.13376569376662
0.559,4.929215486915523,31.14321623980518,37.470085217140586,64.22022090567094
0.56,4.923024255858974,31.14321623980518,37.470085217140586,64.22022090567094
0.561,4.860835777110951,31.161401417975206,37.470085217140586,64.28317395576714
0.562,4.8510880195685315,31.206402844803243,37.470085217140586,64.35220909460904
0.5630000000000001,4.851743149915337,31.254391598191024,36.934714513238006,64.35220909460904
0.5640000000000001,4.8440574605268845,31.254391598191024,36.934714513238006,64.46755341402651
0.5650000000000001,4.837847664459068,31.27553019613637,36.934714513238006,64.46755341402651
0.5660000000000001,4.839436162624437,31.305580835983726,36.934714513238006,64.57153022825068
0.5670000000000001,4.843787868454735,31.305580835983726,36.89891266421629,64.57153022825068
0.5680000000000001,4.795773610470061,31.304605037370546,36.89891266421629,64.62989493285464
0.5690000000000001,4.797429569683247,31.342238455938126,36.89891266421629,64.67941945628694
0.5700000000000001,4.796715982073514,31.342238455938126,36.89891266421629,64.67941945628694
0.5710000000000001,4.796151140696613,31.368230132627605,37.05367122259019,64.80405322049593
0.5720000000000001,4.790970194724779,31.418937447523792,37.05367122259019,64.80405322049593
0.5730000000000001,4.785658478164125,31.418937447523792,37.05367122259019,64.92221903133789
0.5740000000000001,4.782545956260979,31.441879569322015,37.05367122259019,64.92221903133789
0.5750000000000001,4.785720018030296,31.1152108317361,37.154315782377935,64.92722946326738
0.5760000000000001,4.789279066397076,31.127092674347175,37.154315782377935,64.99791537163242
0.577,4.7872900127454,31.127092674347175,37.154315782377935,64.99791537163242
0.578,4.786897538815902,31.178855456646158,37.154315782377935,64.52748842444535
0.579,4.783708826291916,31.214723243029372,37.154315782377935,64.52748842444535
0.58,4.783773497607702,31.214723243029372,37.21418164821118,64.56613538614361
0.581,4.782899118770322,31.266587079055437,37.21418164821118,64.56613538614361
0.582,4.7635971851400845,31.320603084303773,37.21418164821118,64.63728536478601
0.583,4.765434942370908,31.320603084303773,37.21418164821118,64.63728536478601
0.584,4.769655293813887,31.356430444656585,37.10413884375913,64.75595922448255
0.585,4.773562722757824,31.137256685026667,37.10413884375913,64.89255494622368
0.586,4.773496325147316,31.137256685026667,37.10413884375913,64.89255494622368
0.587,4.774906566071658,31.17844449389722,37.10413884375913,64.99510792153352
0.588,4.77868395257999,31.229512098605564,37.18748928901797,64.99510792153352
0.589,4.773321132771597,31.229512098605564,37.18748928901797,65.0950691201236
0.59,4.775673200609019,31.284123320577365,37.18748928901797,65.0950691201236
0.591,4.772612914515385,31.32180970047319,37.18748928901797,64.92990664722807
0.592,4.764861521369004,31.37574315659322,37.35734570789049,65.06492964936797
0.593,4.768185244142382,31.37574315659322,37.35734570789049,65.06492964936797
0.594,4.768032784435479,31.3805967422735,37.35734570789049,65.01318509761708
0.595,4.767141778556499,31.24156660180759,37.35734570789049,65.01318509761708
0.596,4.766364625509563,31.24156660180759,37.40321475702366,64.85547665528316
0.597,4.767155368945395,31.29452935060758,37.40321475702366,64.85547665528316
0.598,4.762245386568735,31.208713696511083,37.40321475702366,64.92950517515348
0.599,4.759599352618869,31.208713696511083,37.40321475702366,64.71952299435813
0.6,4.7605751720495935,31.25793233325692,37.4479249994118,64.71952299435813
0.601,4.765657489263755,31.19186069258891,37.4479249994118,64.08991588066264
0.602,4.7689890392431735,31.19186069258891,37.4479249994118,64.08991588066264
0.603,4.7614297290644325,31.242179663163917,37.4479249994118,64.08576083444123
0.604,4.755922592734007,31.247432061943414,37.4479249994118,64.08576083444123
0.605,4.759794356777747,31.30378220392483,37.15016677519947,64.05518136792472
0.606,4.755426013543448,31.30378220392483,37.15016677519947,64.05518136792472
0.607,4.756361168330615,31.35974080920588,37.15016677519947,64.05239991551014
0.608,4.751265730044825,31.396388213048834,37.15016677519947,62.726877362395435
0.609,4.744166890184635,31.396388213048834,34.80472384142951,62.726877362395435
0.61,4.746472970116534,31.42902373605995,34.80472384142951,62.74690882473856
0.611,4.74701033190836,31.410971740028412,34.80472384142951,62.74690882473856
0.612,4.741157791870548,31.410971740028412,34.80472384142951,62.820859142638696
0.613,4.743973951555374,31.42644348304039,34.936241060569074,62.820859142638696
0.614,4.730561804448932,31.462850458530998,34.936241060569074,61.702668884953034
0.615,4.7201027064638374,31.462850458530998,34.936241060569074,61.8173778356229
0.616,4.718309805405483,31.50462173757956,34.936241060569074,61.8173778356229
0.617,4.718882617585862,31.554358663882482,34.9801827444323,61.89799421406563
0.618,4.724280822849309,30.950256113017254,34.9801827444323,61.89799421406563
0.619,4.726451025781848,30.950256113017254,34.9801827444323,61.671117151976816
0.62,4.661521218522236,30.965954028418018,34.9801827444323,61.671117151976816
0.621,4.656110997921193,30.696407731632927,34.59762221427244,61.806761478581286
0.622,4.65796654540418,30.696407731632927,34.59762221427244,61.37044493290608
0.623,4.65332045192443,30.7310209210153,34.59762221427244,61.37044493290608
0.624,4.64956510532771,30.789936620327524,34.59762221427244,61.397418016420175
0.625,4.654165685113326,30.789936620327524,34.66291962814117,61.397418016420175
0.626,4.631905464573818,30.84499791197355,34.66291962814117,61.53632570359217
0.627,4.632079089968221,30.567963526155424,34.66291962814117,61.53632570359217
0.628,4.635702581345194,30.567963526155424,34.66291962814117,61.673789629847825
0.629,4.635499930348858,30.586026556967855,34.66291962814117,61.57908603955421
0.63,4.635336887131939,30.643180341256468,34.8564122907904,61.57908603955421
0.631,4.639086318752474,30.697950623056652,34.8564122907904,61.69905206796419
0.632,4.6370979310645595,30.697950623056652,34.8564122907904,61.69905206796419
0.633,4.634354805358431,30.75381231816747,34.8564122907904,61.83796828506047
0.634,4.628593572983908,30.814495918979787,35.0533072253315,61.83796828506047
0.635,4.627039059209393,30.814495918979787,35.0533072253315,61.95933408195507
0.636,4.629878437846546,30.43828785253697,35.0533072253315,61.95933408195507
0.637,4.622088205373882,30.493280888077532,35.0533072253315,62.07657788013989
0.638,4.6172827231911375,30.493280888077532,35.04185708049526,62.213309197689206
0.639,4.620696982275045,30.40110258563236,35.04185708049526,62.213309197689206
0.64,4.603010640001534,30.436703966439506,35.04185708049526,62.316176769986356
0.641,4.6056782262225235,30.436703966439506,35.04185708049526,62.316176769986356
0.642,4.6068862820669265,30.385146284559934,35.18549502085109,62.10623066696981
0.643,4.607628736219234,30.4338793673443,35.18549502085109,62.10623066696981
0.644,4.6033366579439186,30.426000020063313,35.18549502085109,62.227077177424526
0.645,4.598296272150846,30.426000020063313,35.18549502085109,61.938692753126034
0.646,4.601959948919336,30.475869175215973,35.37138053698854,61.938692753126034
0.647,4.6064126416816515,30.537551803385472,35.37138053698854,62.0445861294521
0.648,4.589327125564522,30.537551803385472,35.37138053698854,62.0445861294521
0.649,4.580259505863044,30.385902121340767,35.37138053698854,62.01375987270209
0.65,4.578435624694443,30.432126087552877,35.568752898862435,62.01375987270209
0.651,4.583043284854305,30.432126087552877,35.568752898862435,62.01177963731522
0.652,4.588929923132442,30.495076463214524,35.568752898862435,62.117724547895435
0.653,4.590926839416879,30.542156591966712,35.568752898862435,62.117724547895435
0.654,4.594486311286769,30.542156591966712,35.568752898862435,62.20329992133699
0.655,4.598253630389947,30.502608342501805,35.64605428865781,62.20329992133699
0.656,4.598986141868814,29.96232957278085,35.64605428865781,62.10098000212863
0.657,4.60354312214069,29.96232957278085,35.64605428865781,62.10098000212863
0.658,4.6037074880610644,29.063779356292272,35.64605428865781,62.259483519253855
0.659,4.600357976494953,29.068296640196397,35.781741351335654,62.259483519253855
0.66,4.6060526576374885,29.116986905616486,35.781741351335654,62.3361672247587
0.661,4.606188699159032,29.116986905616486,35.781741351335654,62.49825210994049
0.662,4.608612668666432,25.768261784769624,35.781741351335654,62.49825210994049
0.663,4.614685923626357,25.772069816706647,35.86361522888385,62.659008728454644
0.664,4.590818494689241,25.772069816706647,35.86361522888385,62.659008728454644
0.665,4.591146607806851,25.81086151587881,35.86361522888385,62.81413805920444
0.666,4.307713613133244,25.826786839835954,35.86361522888385,62.81413805920444
0.667,4.309152357869473,25.826786839835954,35.93731919764263,62.84575853555401
0.668,4.306176655966668,25.869565288752998,35.93731919764263,63.01082737929109
0.669,4.301587233050283,25.838482229556167,35.93731919764263,63.01082737929109
0.67,4.303875775930013,25.838482229556167,35.93731919764263,63.05230446646353
0.671,4.176143878833593,25.825645385872793,36.0889651538517,63.05230446646353
0.672,4.178640763180559,25.88086553312309,36.0889651538517,63.114519767623726
0.673,4.183078537663973,25.859119439857995,36.0889651538517,63.114519767623726
0.674,4.183131475536094,25.859119439857995,36.0889651538517,63.12241608358688
0.675,4.157472824293763,25.916519295759407,36.16084077107151,63.110511005698896
0.676,4.15286375406428,25.965242773971365,36.16084077107151,63.110511005698896
0.677,4.14547081070668,25.965242773971365,36.16084077107151,61.54325695971252
0.678,4.136254906666033,25.89086045935385,36.16084077107151,61.54325695971252
0.679,4.139788806338016,25.945094802896396,36.16084077107151,61.569041890330354
0.68,4.141129752874276,25.945094802896396,36.25455401059962,61.569041890330354
0.681,4.138775327180073,25.934416550722194,36.25455401059962,61.738661300421775
0.682,4.140280492580081,25.99035583057162,36.25455401059962,61.656737637082955
0.683,4.138974548269988,25.99035583057162,36.25455401059962,61.656737637082955
0.684,4.138585198621094,26.01766615596618,35.731439571487456,61.81957455615685
0.685,4.14098527423178,25.873036965568453,35.731439571487456,61.81957455615685
0.686,4.140461608086141,25.932509799137506,35.731439571487456,61.97772144416811
0.687,4.142722133939595,25.932509799137506,35.731439571487456,61.97772144416811
0.6880000000000001,4.148028459307938,25.992324928395774,32.938501548002414,61.90141094203894
0.6890000000000001,4.148216118602262,25.624571283964986,32.938501548002414,61.90141094203894
0.6900000000000001,4.152602925735029,25.624571283964986,32.938501548002414,59.34205722527829
0.6910000000000001,4.149331193081122,25.673133814572164,32.938501548002414,59.47703353425112
0.6920000000000001,4.153853412794104,25.59091768616034,29.80156461309177,59.47703353425112
0.6930000000000001,4.139664423158486,25.59091768616034,29.80156461309177,59.608609035389094
0.6940000000000001,4.130401682436082,25.456979684833765,29.80156461309177,59.608609035389094
0.6950000000000001,4.11643679719914,25.490098165327048,29.80156461309177,59.780419772285896
0.6960000000000001,4.117984252621935,25.490098165327048,29.99965143480697,59.780419772285896
0.6970000000000001,4.113750131274814,25.34141289635013,29.99965143480697,59.948043906094014
0.6980000000000001,4.109446592680131,25.40180939927772,29.99965143480697,59.490474167119345
0.6990000000000001,4.114262494189191,25.460905988009298,29.99965143480697,59.490474167119345
0.7000000000000001,4.107279330737378,25.460905988009298,30.18794615068025,59.37461319987497
0.7010000000000001,4.108559259097617,25.48516849995581,30.18794615068025,59.37461319987497
0.7020000000000001,4.108839304237909,25.403130844606505,30.18794615068025,59.32619518712797
0.7030000000000001,4.110519280868153,25.403130844606505,30.18794615068025,59.32619518712797
0.704,4.109777655580979,24.9994996413288,30.18794615068025,59.17881639574101
0.705,4.08168275153953,25.059501132367377,30.394286156574502,59.275799248569285
0.706,4.081940539631667,25.059501132367377,30.394286156574502,59.275799248569285
0.707,4.078235521615392,25.054081852379486,30.394286156574502,59.4323355509759
0.708,4.079827806020086,25.045397133535158,30.394286156574502,59.4323355509759
0.709,4.082634295168503,25.045397133535158,30.530606472742114,59.44095458379166
0.71,4.074786216714801,25.06268202602925,30.530606472742114,59.44095458379166
0.711,4.076769159018352,25.10404522533544,30.530606472742114,59.58750797152063
0.712,4.079293299429822,25.10404522533544,30.530606472742114,59.58750797152063
0.713,4.079511104729858,25.13932155879832,30.470994570380178,59.688989282115436
0.714,4.083756189517136,25.121350554223472,30.470994570380178,59.86935469523914
0.715,4.081558456839513,25.18383862529292,30.470994570380178,59.86935469523914
0.716,4.083984864265253,25.18383862529292,30.470994570380178,60.034322176630305
0.717,4.090101586982446,25.24785907433815,30.41037199423896,60.034322176630305
0.718,4.086304622830224,25.272607997555255,30.41037199423896,60.21467093640457
0.719,4.088417116802055,25.272607997555255,30.41037199423896,60.21467093640457
0.72,4.091219296263128,25.336420920222338,30.41037199423896,60.31986901907737
0.721,4.096046186873172,25.401967695947874,28.71763282545598,60.38394658840653
0.722,4.089007835788302,25.401967695947874,28.71763282545598,60.38394658840653
0.723,4.075495678201499,25.451073210850716,28.71763282545598,60.50843245457317
0.724,4.081251441077767,25.49655020313149,28.71763282545598,60.50843245457317
0.725,4.077777655087646,25.49655020313149,27.709843396688928,60.68669820974797
0.726,4.083218648420488,24.687629298534038,27.709843396688928,60.68669820974797
0.727,4.0859309904628605,24.743651004543146,27.709843396688928,60.57181686234612
0.728,4.065181615841625,24.809327191997003,27.709843396688928,60.7376576940778
0.729,4.070506055505155,24.809327191997003,27.709843396688928,60.7376576940778
0.73,4.071364404012514,24.863223383830427,27.202018963686257,60.93063490964886
0.731,4.071477899248369,24.90898368392784,27.202018963686257,60.93063490964886
0.732,4.066886715088353,24.90898368392784,27.202018963686257,61.130693668321825
0.733,4.0590941693709395,24.975249942986267,27.202018963686257,61.130693668321825
0.734,3.968699690333535,25.0134068848873,27.399379592665284,61.18402760988109
0.735,3.970522349911839,25.0134068848873,27.399379592665284,61.27068641048752
0.736,3.975165208903102,25.081363358582312,27.399379592665284,61.27068641048752
0.737,3.980373087763141,25.149540409799783,27.399379592665284,61.461265362181614
0.738,3.9733265608416617,25.149540409799783,26.973130365401985,61.461265362181614
0.739,3.977665904157831,25.1738741575713,26.973130365401985,61.35933573612458
0.74,3.9797235631995704,24.756183956382003,26.973130365401985,61.35933573612458
0.741,3.9794810370325293,24.78015794180569,26.973130365401985,61.5290476664809
0.742,3.9683978338532366,24.78015794180569,27.166709509895192,61.5290476664809
0.743,3.9699544956872304,24.807140326468183,27.166709509895192,60.93267438167479
0.744,3.968496604128602,24.866110079152417,27.166709509895192,61.10505355972622
0.745,3.968273841095657,24.866110079152417,27.166709509895192,61.10505355972622
0.746,3.9743864325007188,24.933744980970687,25.98238310769591,60.60303514104891
0.747,3.9787538162427545,24.86332539300271,25.98238310769591,60.60303514104891
0.748,3.977334301841167,24.86332539300271,25.98238310769591,60.80240414532263
0.749,3.973011556157984,24.933280546722376,25.98238310769591,60.80240414532263
0.75,3.9729899553219377,24.92309593122028,26.141482396794064,60.976985241625655
0.751,3.9735689828441685,24.92309593122028,26.141482396794064,61.08515689829734
0.752,3.9709311131291365,24.98512278896889,26.141482396794064,61.08515689829734
0.753,3.96449898506333,25.033824441368765,26.141482396794064,60.76475619829302
0.754,3.968974092532391,25.069905177943102,26.141482396794064,60.76475619829302
0.755,3.973199495009866,25.069905177943102,26.36099468873075,59.347240440127905
0.756,3.9781486883023085,25.14197362049676,26.36099468873075,59.347240440127905
0.757,3.971739968349912,24.98106233047219,26.36099468873075,59.56041141291655
0.758,3.968417792949879,24.98106233047219,26.36099468873075,59.73041907677559
0.759,3.9688242843151533,25.044993091500295,25.82117410830692,59.73041907677559
0.76,3.971973981911358,25.091217765497525,25.82117410830692,59.93344212256744
0.761,3.9737897089368586,25.091217765497525,25.82117410830692,59.93344212256744
0.762,3.9754739052144394,25.166554980356917,25.82117410830692,59.81398250292267
0.763,3.981098149270066,24.98584700743812,25.374919225884163,59.81398250292267
0.764,3.9867116954960564,24.98584700743812,25.374919225884163,59.91220617338358
0.765,3.9830981333304405,25.040087473856662,25.374919225884163,59.91220617338358
0.766,3.9892880501952774,24.794225849266205,25.374919225884163,60.13470498855091
0.767,3.9867108907604156,24.794225849266205,25.428556101364332,60.12809773696608
0.768,3.990164312403686,24.80114771604068,25.428556101364332,60.12809773696608
0.769,3.9937384399372347,24.878342205768394,25.428556101364332,59.973271326749945
0.77,3.998522163619146,24.955769454701368,25.428556101364332,59.973271326749945
0.771,4.002682039257095,24.955769454701368,25.435003911581077,56.8909534485165
0.772,4.002472608134703,25.021953019986608,25.435003911581077,56.8909534485165
0.773,4.004288831998121,24.955767934094023,25.435003911581077,57.04577110031024
0.774,4.009375051854071,24.955767934094023,25.435003911581077,57.11139730727415
0.775,4.009189807450443,25.03461392444016,25.48603879691287,57.11139730727415
0.776,4.00074585112005,25.105144319921223,25.48603879691287,57.33516066176668
0.777,4.004931510868792,25.105144319921223,25.48603879691287,57.33516066176668
0.778,3.970488437379065,25.185771612633523,25.48603879691287,57.191833622320736
0.779,3.97275217060596,25.255103051330256,25.48603879691287,57.191833622320736
0.78,3.9628932162458517,25.255103051330256,25.43140222224616,57.420032788578546
0.781,3.966931939742682,25.31642637303631,25.43140222224616,57.53136110424758
0.782,3.9700429014024503,24.849904323270952,25.43140222224616,57.53136110424758
0.783,3.9701744110026325,24.80444645532604,25.43140222224616,57.743974373634074
0.784,3.977494748122968,24.80444645532604,24.984831102802776,57.743974373634074
0.785,3.98361188902732,24.87125558260428,24.984831102802776,57.91468167210383
0.786,3.9780592178207685,24.86257840450872,24.984831102802776,57.91468167210383
0.787,3.9836845807470236,24.86257840450872,24.984831102802776,57.953068009794286
0.788,3.967430277770255,24.868777041289057,23.829657712523087,57.922898170133095
0.789,3.963315342997815,24.953151338122403,23.829657712523087,57.922898170133095
0.79,3.961125839197914,24.953151338122403,23.829657712523087,58.13226513194213
0.791,3.9660362831967744,24.968628702234383,23.829657712523087,58.13226513194213
0.792,3.9657029440337226,25.053204541795232,23.766976304351612,58.32107444762825
0.793,3.9578102821348895,25.053204541795232,23.766976304351612,58.32107444762825
0.794,3.964701645984716,25.09388455140612,23.766976304351612,58.52765116617767
0.795,3.966935676813437,25.129255550414282,23.766976304351612,58.52765116617767
0.796,3.960487707048173,25.14900629758086,23.973084897145124,58.760547105405564
0.797,3.9692206288619767,25.14900629758086,23.973084897145124,58.89351516626615
0.798,3.975405934699239,25.055324356735046,23.973084897145124,58.89351516626615
0.799,3.9549091692333125,25.14367013392394,23.973084897145124,59.14426509227608
0.8,3.962508011647991,25.14367013392394,24.22125664194049,59.14426509227608
0.801,3.9622489937248058,25.075171485522773,24.22125664194049,58.92502693005666
0.802,3.961664637373441,25.128759612608647,24.22125664194049,58.92502693005666
0.803,3.961884227392961,25.128759612608647,24.22125664194049,59.05435219906476
0.804,3.9578171752728757,25.219160826453788,24.22125664194049,59.170450129568444
0.805,3.94768987767793,25.217329568139046,23.442518933427735,59.170450129568444
0.806,3.9476231145387524,25.217329568139046,23.442518933427735,59.110080381328736
0.807,3.9509777375715034,25.30852129860353,23.442518933427735,59.110080381328736
0.808,3.9563172836123295,25.40276664278762,23.442518933427735,58.731246365663864
0.809,3.9601491138888094,25.402114516417026,23.676577623561766,58.731246365663864
0.81,3.937238837196768,25.402114516417026,23.676577623561766,58.616288268360535
0.811,3.9212910218217023,25.10877514525454,23.676577623561766,58.50323249508101
0.812,3.9090926345356443,24.592807491262793,23.676577623561766,58.50323249508101
0.8130000000000001,3.91494872598834,24.592807491262793,23.35864222342469,58.654339576080346
0.8140000000000001,3.9186742624414683,23.972135108367276,23.35864222342469,58.654339576080346
0.8150000000000001,3.9218654825600825,24.029895807702367,23.35864222342469,55.707302623452186
0.8160000000000001,3.8713259488953295,24.029895807702367,23.35864222342469,55.707302623452186
0.8170000000000001,3.8603621461742574,24.106539294744092,23.601941202549195,55.85678957328074
0.8180000000000001,3.867152803459895,24.197003156075816,23.601941202549195,55.85678957328074
0.8190000000000001,3.862918844519362,24.197003156075816,23.601941202549195,56.12291407897532
0.8200000000000001,3.8687996092404595,24.223615679487157,23.601941202549195,56.208233219848026
0.8210000000000001,3.8756580625845705,24.2330862994579,23.824978065369123,56.208233219848026
0.8220000000000001,3.8743013668098967,24.31087946383664,23.824978065369123,56.48337754150287
0.8230000000000001,3.8765467907459183,24.31087946383664,23.824978065369123,56.48337754150287
0.8240000000000001,3.877979898749328,24.18196801891012,23.824978065369123,54.95967654768165
0.8250000000000001,3.8812528585240207,23.245436410366846,23.9173847676104,54.95967654768165
0.8260000000000001,3.8810137927187776,23.245436410366846,23.9173847676104,55.22886373664821
0.8270000000000001,3.8782557116868404,23.322737155464562,23.9173847676104,55.50797897940932
0.8280000000000001,3.8599795498215927,23.391567766883064,23.9173847676104,55.50797897940932
0.8290000000000001,3.7954908879234726,23.391567766883064,23.9173847676104,55.407167444732465
0.8300000000000001,3.796829769962572,23.456103860161605,24.164708410376278,55.407167444732465
0.8310000000000001,3.8019109034820286,23.54232451309397,24.164708410376278,55.26871801930663
0.8320000000000001,3.801897247620722,23.54232451309397,24.164708410376278,55.26871801930663
0.833,3.8099414772242945,23.39582283138134,24.164708410376278,55.51634370186253
0.834,3.815383618254772,23.49677492137582,21.983346085283163,55.313504258762265
0.835,3.8229258959878347,23.49677492137582,21.983346085283163,55.313504258762265
0.836,3.7197731567513,21.848422740312046,21.983346085283163,54.87324689523647
0.837,3.7217615157362793,21.87700273777547,21.983346085283163,54.87324689523647
0.838,3.674881121133828,21.97439866819167,22.252391493860515,54.84765776415949
0.839,3.680267299665252,21.97439866819167,22.252391493860515,54.84765776415949
0.84,3.6874778221696154,22.072519753705187,22.252391493860515,54.79390363122196
0.841,3.690887623710478,22.088122703005794,22.252391493860515,54.961185792970745
0.842,3.697477456899124,22.088122703005794,22.16268763356932,54.961185792970745
0.843,3.6932262329286374,22.18918975120793,22.16268763356932,54.99657186396033
0.844,3.6926607781746044,22.114582970969373,22.16268763356932,54.99657186396033
0.845,3.6872407868302903,22.114582970969373,22.16268763356932,54.21706777130293
0.846,3.695586577076978,22.2170933856364,21.969785780449538,54.21706777130293
0.847,3.6806453953429106,22.281284324185208,21.969785780449538,54.119058287285235
0.848,3.6907839323655702,22.281284324185208,21.969785780449538,54.119058287285235
0.849,3.6960563740324517,21.765808265121148,21.969785780449538,54.34793781172693
0.85,3.6465124871664676,21.862571901296082,22.270437556829947,53.132665154335776
0.851,3.649600126430632,21.93448198170843,22.270437556829947,53.132665154335776
0.852,3.6433887139412877,21.93448198170843,22.270437556829947,53.37319012210405
0.853,3.647845921038996,21.800231397413736,22.270437556829947,53.37319012210405
0.854,3.607760628909083,21.791726072847972,22.270437556829947,53.693445891871896
0.855,3.5998695565330476,21.791726072847972,21.964817577214312,53.693445891871896
0.856,3.5964146958970984,21.898355206807953,21.964817577214312,53.9772936488624
0.857,3.6022927042748583,22.0069806132626,21.964817577214312,54.301975203943734
0.858,3.596519793205867,22.0069806132626,21.964817577214312,54.301975203943734
0.859,3.60386934341479,21.929200165553574,21.36550565455253,54.4392932965914
0.86,3.612519121739517,21.95625787610256,21.36550565455253,54.4392932965914
0.861,3.6076592551469955,21.95625787610256,21.36550565455253,54.7087945950702
0.862,3.603466199197023,22.07004371685792,21.36550565455253,54.7087945950702
0.863,3.615784981708192,22.183729204499514,21.20252232196928,55.054716530390564
0.864,3.6261709175454686,22.29344087179143,21.20252232196928,55.39347429538766
0.865,3.6191105018590006,22.29344087179143,21.20252232196928,55.39347429538766
0.866,3.6205976559792785,22.41122534473732,21.20252232196928,55.65017899023122
0.867,3.6295621383635988,22.524260215275277,21.528380084700228,55.65017899023122
0.868,3.6224249831716473,22.524260215275277,21.528380084700228,56.00585743144367
0.869,3.6225309348807806,22.646053177355324,21.528380084700228,56.00585743144367
0.87,3.606516040464258,22.766716353056218,21.528380084700228,56.345578336404955
0.871,3.606241723173744,22.766716353056218,21.7314347148071,56.345578336404955
0.872,3.617881630287022,22.8484681791929,21.7314347148071,56.42171076075688
0.873,3.6152411446969626,22.95210943836167,21.7314347148071,56.65347821082076
0.874,3.6220525890677213,22.95210943836167,21.7314347148071,56.65347821082076
0.875,3.6298494684355522,23.066412214920405,22.0903032336056,55.818455696224454
0.876,3.6406913371506153,23.127297138744606,22.0903032336056,55.818455696224454
0.877,3.652094009252904,23.262583109061964,22.0903032336056,54.53898953810054
0.878,3.665259160608701,23.262583109061964,22.0903032336056,54.53898953810054
0.879,3.668051490716322,23.400624815637226,22.0903032336056,54.922743554528836
0.88,3.674582378747266,22.781355289125802,22.467713945727454,55.048571312572804
0.881,3.684620426470092,22.781355289125802,22.467713945727454,55.048571312572804
0.882,3.6980437657164,22.91963967652018,22.467713945727454,54.79807231966285
0.883,3.6960146509490537,22.948981402611395,22.467713945727454,54.79807231966285
0.884,3.6954899116992777,22.948981402611395,22.797083610424565,54.54507950800188
0.885,3.5837012070930534,23.027907393149817,22.797083610424565,54.54507950800188
0.886,3.5908531051163264,23.016674244641035,22.797083610424565,54.184150843470505
0.887,3.602640812238105,23.016674244641035,22.797083610424565,53.968563000038564
0.888,3.6153561959078933,23.16193147462565,23.108003443069247,53.968563000038564
0.889,3.626643387576009,23.309069079383146,23.108003443069247,54.16375727684468
0.89,3.633195868664136,23.309069079383146,23.108003443069247,54.16375727684468
0.891,3.6403937117028335,23.434975868243118,23.108003443069247,54.06261643278522
0.892,3.6473313317951974,23.56739104016419,23.53935956154668,54.06261643278522
0.893,3.657924453033222,23.68453980017813,23.53935956154668,54.19492377646983
0.894,3.66412431208458,23.68453980017813,23.53935956154668,54.45830721634129
0.895,3.6595843144843405,23.843995562782663,23.53935956154668,54.45830721634129
0.896,3.6711861455877517,24.00732491977455,23.36580734206725,54.8796796588622
0.897,3.681107977812757,24.00732491977455,23.36580734206725,54.8796796588622
0.898,3.6948144009479424,22.30646441133649,23.36580734206725,54.671341843539054
0.899,3.7091732570437883,22.345078744018302,23.36580734206725,54.671341843539054
0.9,3.7206628526617123,22.345078744018302,22.836193189926266,55.14771095181456
0.901,3.726833602963736,22.342777950797096,22.836193189926266,55.14771095181456
0.902,3.736457261420057,22.09619113513255,22.836193189926266,55.60352965814745
0.903,3.7225922018421698,22.09619113513255,22.836193189926266,54.586036895154685
0.904,3.7385553774027738,22.208840352078685,22.836193189926266,54.586036895154685
0.905,3.7403065241987132,22.369596603277063,22.511260484428426,54.6063042801773
0.906,3.734823950027518,22.404723174885255,22.511260484428426,54.6063042801773
0.907,3.746139575508062,22.404723174885255,22.511260484428426,54.00064222939629
0.908,3.7550801102921785,22.491714788058474,22.511260484428426,54.00064222939629
0.909,3.7661794100648884,22.653359133561985,22.828386827323257,53.333459992335094
0.91,3.7684143369945113,22.653359133561985,22.828386827323257,53.768860101007085
0.911,3.7703192167796673,22.553514859457636,22.828386827323257,53.768860101007085
0.912,3.7814068031522736,22.73761867590476,22.828386827323257,54.227417320707964
0.913,3.794716327451658,22.73761867590476,22.794486780930093,54.227417320707964
0.914,3.8041032920355415,21.670928212531834,22.794486780930093,54.559485868031764
0.915,3.7812318874039654,21.84863412987315,22.794486780930093,54.559485868031764
0.916,3.7761560006636925,21.84863412987315,22.794486780930093,53.41926302125715
0.917,3.7738769198714066,21.972278141206186,23.343961498193206,53.97224196250117
0.918,3.729330048622345,22.16076282036542,23.343961498193206,53.97224196250117
0.919,3.6962791041154546,22.22807079271322,23.343961498193206,54.55382784700157
0.92,3.711010721963041,22.22807079271322,23.343961498193206,54.55382784700157
0.921,3.7100996244355606,22.321035758988476,23.939912509068606,55.13299676266872
0.922,3.7190199844856724,21.379471647410384,23.939912509068606,55.13299676266872
0.923,3.7263551464997033,21.379471647410384,23.939912509068606,55.359758084748115
0.924,3.744444151702954,21.172520724744828,23.939912509068606,55.359758084748115
0.925,3.7545104968478644,21.356566691957312,24.507601098527864,55.96442349142346
0.926,3.7652801756749104,21.356566691957312,24.507601098527864,55.9904061704394
0.927,3.783233468602472,21.560260883834054,24.507601098527864,55.9904061704394
0.928,3.7723412878647986,21.764908017954035,24.507601098527864,56.53822181979156
0.929,3.766442456340129,21.764908017954035,24.507601098527864,56.53822181979156
0.93,3.782537430347359,21.97625875437574,24.38373496062032,56.24919719051727
0.931,3.6921453831785622,22.1477873039794,24.38373496062032,56.24919719051727
0.932,3.7111116467752767,22.365324572875906,24.38373496062032,53.95324062679916
0.933,3.7246161174337558,22.365324572875906,24.38373496062032,54.65686486972487
0.934,3.7422063626620123,22.60711881652006,25.12882475703258,54.65686486972487
0.935,3.7558667138076767,22.702576729277272,25.12882475703258,54.58712929803051
0.936,3.771627366744325,22.702576729277272,25.12882475703258,54.58712929803051
0.937,3.777082557592389,22.922732914551375,25.12882475703258,55.337273085062925
0.9380000000000001,3.789017445997311,23.183562181450448,25.95291922335339,55.337273085062925
0.9390000000000001,3.811717455071761,23.183562181450448,25.95291922335339,54.808741211823424
0.9400000000000001,3.8253993747209822,23.456705519825217,25.95291922335339,55.60073917063957
0.9410000000000001,3.8526267622975374,23.67976744533983,25.95291922335339,55.60073917063957
0.9420000000000001,3.865880711325502,23.67976744533983,23.916348328164624,55.89286444384882
0.9430000000000001,3.8554130718104482,15.760504907869135,23.916348328164624,55.89286444384882
0.9440000000000001,3.867217507580634,15.248752602222307,23.916348328164624,56.01912902599391
0.9450000000000001,3.8959645952958075,15.248752602222307,23.916348328164624,56.01912902599391
0.9460000000000001,3.8770938661678347,15.443614711825239,24.778011480222144,55.75607464443178
0.9470000000000001,3.904742093644389,15.62925006462547,24.778011480222144,56.62165552329234
0.9480000000000001,3.936719938634511,15.771013156281139,24.778011480222144,56.62165552329234
0.9490000000000001,3.9760277148533656,15.771013156281139,24.778011480222144,53.896240078606816
0.9500000000000001,3.9945964357723036,15.882855405600933,25.06919049772895,53.896240078606816
0.9510000000000001,4.0275545611835835,15.934845505465697,25.06919049772895,54.2681944930318
0.9520000000000001,4.058057240009434,15.934845505465697,25.06919049772895,54.2681944930318
0.9530000000000001,4.062399481870525,16.160960936976014,25.06919049772895,53.74806050517468
0.9540000000000001,4.083105039457755,16.37097869107357,25.06919049772895,53.74806050517468
0.9550000000000001,4.122445524828113,16.37097869107357,25.2663161010804,54.04988875818673
0.9560000000000001,4.158748814053441,16.577268567858347,25.2663161010804,54.21910399691468
0.9570000000000001,4.202569644667962,16.768907504660895,25.2663161010804,54.21910399691468
0.9580000000000001,4.225407006518429,16.768907504660895,25.2663161010804,55.23446212988723
0.9590000000000001,4.206149412259535,17.040874777028694,25.89868723562273,55.23446212988723
0.96,4.251073979146196,16.35558179017732,25.89868723562273,56.418068023251195
0.961,4.295502232595475,15.872693340874207,25.89868723562273,56.418068023251195
0.962,4.295060689966868,15.872693340874207,25.89868723562273,55.6739031189287
0.963,4.318101613550714,16.081766999106463,27.295006586285595,56.97176505405157
0.964,4.375980591700048,16.37414047014852,27.295006586285595,56.97176505405157
0.965,4.393931839701497,16.37414047014852,27.295006586285595,57.38750039758661
0.966,4.433308403293375,16.48979358777379,27.295006586285595,57.38750039758661
0.967,4.471542631510144,16.331338746668436,28.947337436178124,52.20295357167984
0.968,4.508464437798271,16.331338746668436,28.947337436178124,52.20295357167984
0.969,4.527384435286545,16.472377809183854,28.947337436178124,53.586268031265035
0.97,4.472295356938146,16.83668864462069,28.947337436178124,51.6065887952152
0.971,4.537680442912492,16.83668864462069,28.583016416941415,51.6065887952152
0.972,4.418016414677373,17.211133684565432,28.583016416941415,50.612850244512124
0.973,4.414428193156172,17.65253556610524,28.583016416941415,50.612850244512124
0.974,4.464198548914151,18.100724108552544,28.583016416941415,52.222416538138916
0.975,4.480060750146482,18.100724108552544,30.87182664480961,52.222416538138916
0.976,4.352275365120339,18.620802754895504,30.87182664480961,52.689493762652866
0.977,3.941303029385985,19.12670351599081,30.87182664480961,52.689493762652866
0.978,3.863680276048652,19.12670351599081,30.87182664480961,54.57807103288533
0.979,3.937191798461739,13.979970821386202,30.87182664480961,53.31193825370445
0.98,3.9611981794330386,14.465020613640242,33.16980570664218,53.31193825370445
0.981,3.949721363025857,14.465020613640242,33.16980570664218,49.19438799967715
0.982,3.9627992717620666,15.002980051740042,33.16980570664218,49.19438799967715
0.983,3.8432326661415512,15.58367632448991,33.16980570664218,50.03353310175626
0.984,3.890550354373481,15.58367632448991,33.595592962675575,50.03353310175626
0.985,3.8681441558114633,16.11909909332541,33.595592962675575,33.253662442859856
0.986,3.8750549407127175,16.482012237951903,33.595592962675575,34.66339693343981
0.987,3.7937245876922545,17.34397990529591,33.595592962675575,34.66339693343981
0.988,3.837816652135505,17.34397990529591,33.08164167381125,33.28464632156007
0.989,3.8238043737143275,17.47249405214731,33.08164167381125,33.28464632156007
0.99,3.9358540817610734,11.426029200723047,33.08164167381125,17.515309516110726
0.991,3.714102188363492,11.426029200723047,33.08164167381125,17.515309516110726
0.992,3.527992920736331,12.10421646634826,39.5598508191345,18.029015171089856
0.993,3.6308316129286164,13.258995249343796,39.5598508191345,16.95479106803288
0.994,3.7334002175894097,13.258995249343796,39.5598508191345,16.95479106803288
0.995,3.9832120442224577,9.341234527049322,39.5598508191345,16.396304061492835
0.996,4.148845170620608,10.474921966914257,54.76533317565918,16.396304061492835
0.997,4.5919329666249205,10.474921966914257,54.76533317565918,9.488084829255447
0.998,4.581137784483112,11.73659846830689,54.76533317565918,9.488084829255447
0.999,5.331958489422289,16.312082290649414,54.76533317565918,8.010324609057616
