Sparsification_fractions,MVE_rmse_values_Train,MVE_rmse_values_Test,MVE_rmse_values_OOD_EXP,MVE_rmse_values_OOD_MD
0.0,7.1932958014973805,32.24875863269391,37.62862996986911,80.93172135246765
0.001,7.111757855261395,32.24875863269391,37.62862996986911,80.93172135246765
0.002,7.0016650236396645,32.27064359350403,37.62862996986911,80.72242438179036
0.003,6.80917538507274,32.2905757404774,37.62862996986911,80.72242438179036
0.004,6.536931380679445,32.2905757404774,37.62862996986911,80.36817740919761
0.005,6.529392539252507,32.26799756452244,37.295489420287566,80.36817740919761
0.006,6.512614079317915,32.20812641836814,37.295489420287566,80.40175877654818
0.007,6.418213648789737,32.20812641836814,37.295489420287566,80.40175877654818
0.008,6.324813668026074,32.203711550119166,37.295489420287566,80.29420690628271
0.009000000000000001,6.281756652704162,32.19566359473546,37.33729639503551,79.74521145312367
0.01,6.16336056218514,32.19566359473546,37.33729639503551,79.74521145312367
0.011,6.117779767965436,32.21733102377591,37.33729639503551,79.8162636818647
0.012,6.11147886785707,32.109988577527695,37.33729639503551,79.8162636818647
0.013000000000000001,6.086684854744064,32.109988577527695,37.09369284756263,79.81153434807547
0.014,5.9731499591834005,32.10762157970573,37.09369284756263,79.81153434807547
0.015,5.9499303553404115,32.10705714932456,37.09369284756263,79.87993715175772
0.016,5.909090553357031,32.126138411666986,37.09369284756263,79.84589889125608
0.017,5.891500534228702,32.126138411666986,36.97625060478226,79.84589889125608
0.018000000000000002,5.869561197582587,32.139364842021415,36.97625060478226,79.8439560181429
0.019,5.850358154687544,32.14104629340946,36.97625060478226,79.8439560181429
0.02,5.82774044540688,32.14104629340946,36.97625060478226,79.9136972328564
0.021,5.804615270450339,32.164711228892585,37.02302314786355,79.9136972328564
0.022,5.783147870306845,32.173394615261515,37.02302314786355,79.77866491838279
0.023,5.729008912135308,32.173394615261515,37.02302314786355,79.78336620816296
0.024,5.69414761997613,32.19365610503782,37.02302314786355,79.78336620816296
0.025,5.687985253458438,32.20971708840359,37.086958505235714,79.5825212736954
0.026000000000000002,5.6804462823181625,32.20971708840359,37.086958505235714,79.5825212736954
0.027,5.659471564790805,32.217052634719494,37.086958505235714,79.61720899101138
0.028,5.653875312632107,32.225044160619916,37.086958505235714,79.61720899101138
0.029,5.626318598775312,32.21410368002837,37.086958505235714,79.68920195432679
0.03,5.544433230319532,32.21410368002837,36.95684593685133,79.68920195432679
0.031,5.532746327410243,32.2189399998207,36.95684593685133,79.6961862375834
0.032,5.523873145348026,32.24127387343902,36.95684593685133,78.5658779055109
0.033,5.519786095974494,32.24127387343902,36.95684593685133,78.5658779055109
0.034,5.513967449950783,32.25523210788496,36.99662607168583,78.25042832781283
0.035,5.490618480049332,32.26533654840119,36.99662607168583,78.25042832781283
0.036000000000000004,5.487380470777425,32.26533654840119,36.99662607168583,78.32190817815525
0.037,5.453969525741766,32.285477629882074,36.99662607168583,78.32190817815525
0.038,5.447233763395519,32.288279284498344,37.0635175184861,78.39091973722476
0.039,5.4095823196695845,32.288279284498344,37.0635175184861,78.45223138007636
0.04,5.392078265937226,32.307740649646185,37.0635175184861,78.45223138007636
0.041,5.391759214210983,32.330632586812506,37.0635175184861,78.52377879131681
0.042,5.385453736869358,32.328369259344186,36.693101160739964,78.52377879131681
0.043000000000000003,5.375951493332474,32.328369259344186,36.693101160739964,78.55195508170729
0.044,5.329151262724719,32.30667553303769,36.693101160739964,78.55195508170729
0.045,5.31378893210985,32.30922982096817,36.693101160739964,78.62275968308722
0.046,5.314739211245086,32.30922982096817,36.58741916924148,78.69544653679621
0.047,5.288933907736391,32.32369097351538,36.58741916924148,78.69544653679621
0.048,5.271339049737766,32.34773600220852,36.58741916924148,78.76659244387977
0.049,5.260260570884074,32.34773600220852,36.58741916924148,78.76659244387977
0.05,5.252554308000486,32.36659408170792,36.56113530110137,78.78325208336288
0.051000000000000004,5.251660213765319,32.356141207057554,36.56113530110137,78.78325208336288
0.052000000000000005,5.23841403568435,32.356141207057554,36.56113530110137,78.85619427315845
0.053,5.230254725357822,32.37313432751318,36.56113530110137,78.85619427315845
0.054,5.222406547291912,32.3959674962354,36.56113530110137,78.75274090237374
0.055,5.214063721563038,32.41625372322075,36.620523999715864,78.8081466628959
0.056,5.20138685445986,32.41625372322075,36.620523999715864,78.8081466628959
0.057,5.191227450088178,32.42347821824788,36.620523999715864,78.87838294544684
0.058,5.189680211556518,32.407457988413604,36.620523999715864,78.87838294544684
0.059000000000000004,5.187897412539007,32.407457988413604,36.19875084292246,78.9516737683386
0.06,5.179136324995828,32.43237014094471,36.19875084292246,78.9516737683386
0.061,5.17428206898889,32.4443565411039,36.19875084292246,79.01756727080978
0.062,5.161895722786367,32.4443565411039,36.19875084292246,78.68720977762783
0.063,5.163551963747277,32.46926605489979,35.935777057793175,78.68720977762783
0.064,5.163697936374222,32.49420677469384,35.935777057793175,78.07359143448309
0.065,5.153192983001735,32.49420677469384,35.935777057793175,78.07359143448309
0.066,5.139791184014743,32.4874695067354,35.935777057793175,78.1140280566892
0.067,5.138557552301141,32.50419326727964,36.012893721740916,78.1140280566892
0.068,5.133603656172783,32.50419326727964,36.012893721740916,78.14819950488145
0.069,5.108093484723871,32.367688947850226,36.012893721740916,77.9195871025232
0.07,5.106967494843469,32.39198596110775,36.012893721740916,77.9195871025232
0.07100000000000001,5.102079223068157,32.40155051826458,36.092151294498485,77.97016370408735
0.07200000000000001,5.092610797828849,32.40155051826458,36.092151294498485,77.97016370408735
0.073,5.08138183921715,32.41739930973489,36.092151294498485,78.01625323148907
0.074,5.077083616956906,32.41809071633734,36.092151294498485,78.01625323148907
0.075,5.064573316898316,32.41809071633734,36.09673447860292,78.09005449598435
0.076,5.063194957370362,32.43950481968739,36.09673447860292,78.16035596343832
0.077,5.058145168678239,32.451146345111795,36.09673447860292,78.16035596343832
0.078,5.056442399992434,32.451146345111795,36.09673447860292,77.98724685059219
0.079,5.0548081599599,32.42528944305091,36.09673447860292,77.98724685059219
0.08,5.0497589030717345,32.18881471316288,35.81466254292101,77.89516484817625
0.081,5.047020538197425,32.18881471316288,35.81466254292101,77.89516484817625
0.082,5.03818588982432,32.21402062697269,35.81466254292101,77.84592162347037
0.083,5.025960918180752,32.215278198442356,35.81466254292101,77.84592162347037
0.084,5.025988796220656,32.14938696717882,35.702084148708,77.91901187795315
0.085,5.024395583325593,32.14938696717882,35.702084148708,77.98925952705694
0.08600000000000001,5.018801221277637,32.125807642695975,35.702084148708,77.98925952705694
0.08700000000000001,5.0130440492705395,32.14957879114886,35.702084148708,77.76469836921567
0.088,5.0078846793133485,32.14957879114886,35.74989598287624,77.76469836921567
0.089,5.007335869435373,32.1710876940442,35.74989598287624,77.8315605381778
0.09,4.988842525547419,32.18271762624291,35.74989598287624,77.8315605381778
0.091,4.985304581107885,32.18271762624291,35.74989598287624,77.8351523684
0.092,4.981417269234499,32.15370458446743,35.75802931294478,77.90907053477213
0.093,4.9746658346185635,32.10907325771075,35.75802931294478,77.90907053477213
0.094,4.967078487944916,32.10907325771075,35.75802931294478,77.97865786913717
0.095,4.9677725421856005,32.12506348253434,35.75802931294478,77.97865786913717
0.096,4.968086260882844,32.14605444701326,35.77264782467897,78.0092789561833
0.097,4.964763099170426,32.171429643242504,35.77264782467897,78.0092789561833
0.098,4.95556160787777,32.171429643242504,35.77264782467897,78.00289606683619
0.099,4.955318290289086,32.19576101433981,35.77264782467897,77.72469869745969
0.1,4.941741086176273,32.218859105186944,35.804202577362595,77.72469869745969
0.101,4.9336551881958,32.218859105186944,35.804202577362595,77.30303605325835
0.10200000000000001,4.91427118448825,32.24216293275328,35.804202577362595,77.30303605325835
0.10300000000000001,4.90372966971608,32.25505831261405,35.804202577362595,77.36850233714415
0.10400000000000001,4.877556292281486,32.25505831261405,35.804202577362595,77.36850233714415
0.105,4.860100915946885,32.27365463177734,35.863290410783854,77.37416107477928
0.106,4.852337670399274,32.13684971347853,35.863290410783854,77.37416107477928
0.107,4.831088525226885,32.13684971347853,35.863290410783854,77.45051666634745
0.108,4.830342815199405,32.16275347261176,35.863290410783854,77.5106927117419
0.109,4.82198889496853,32.18708833180402,35.859153231411106,77.5106927117419
0.11,4.818225760249944,32.168906987679854,35.859153231411106,77.58665344510742
0.111,4.817617296723187,32.168906987679854,35.859153231411106,77.58665344510742
0.112,4.812189843346471,32.19508935781583,35.859153231411106,77.52955602331043
0.113,4.806424363556977,32.221305461173515,35.82911037921224,77.52955602331043
0.114,4.796235689742544,32.221305461173515,35.82911037921224,77.41292482438185
0.115,4.788570637590146,32.24558440313432,35.82911037921224,77.46590053197971
0.116,4.789151182896104,32.26754572727105,35.82911037921224,77.46590053197971
0.117,4.787434368615153,32.26754572727105,35.731962663695064,77.53835569660777
0.11800000000000001,4.787697495258737,32.28733403582053,35.731962663695064,77.53835569660777
0.11900000000000001,4.785279515563208,32.31184787475148,35.731962663695064,77.5348676939493
0.12,4.785215628028174,32.31184787475148,35.731962663695064,77.5348676939493
0.121,4.78396602867863,32.22795885429732,35.795161345697935,77.60462792667033
0.122,4.777933363642741,32.24803975557777,35.795161345697935,77.68162281351799
0.123,4.775148209310715,32.24803975557777,35.795161345697935,77.68162281351799
0.124,4.769573632964754,31.961158419141114,35.795161345697935,77.74648056534629
0.125,4.770039926921204,31.985174542465177,35.879978930121126,77.74648056534629
0.126,4.770494804587766,32.01065504341269,35.879978930121126,77.79031530187228
0.127,4.7668215278758925,32.01065504341269,35.879978930121126,77.79031530187228
0.128,4.76047341433723,32.02243322625304,35.879978930121126,77.82253590490384
0.129,4.754415939761874,31.682680394625308,35.879978930121126,77.89350053422743
0.13,4.752936932065467,31.682680394625308,35.41203563817369,77.89350053422743
0.131,4.74988998549977,31.70404438240738,35.41203563817369,77.96966639979645
0.132,4.7510041074397735,31.71199346132095,35.41203563817369,77.96966639979645
0.133,4.746465922089849,31.71199346132095,35.41203563817369,77.73285079847085
0.134,4.747138266856233,31.737902194985235,35.49210327707853,77.73285079847085
0.135,4.744431951450647,31.76442536144803,35.49210327707853,76.94110022432179
0.136,4.730806359991806,31.76442536144803,35.49210327707853,76.94110022432179
0.137,4.729227360475644,31.788008950656668,35.49210327707853,76.66587204415619
0.138,4.725504323615016,31.797249589924828,35.55912007913021,76.74414201371324
0.139,4.720153820098987,31.55998029546566,35.55912007913021,76.74414201371324
0.14,4.718817437676293,31.55998029546566,35.55912007913021,76.6558609600239
0.14100000000000001,4.71723073228369,31.58528192721586,35.55912007913021,76.6558609600239
0.14200000000000002,4.708234242304471,31.609540157951116,35.6443775977961,76.55031903503166
0.14300000000000002,4.705800658912869,31.609540157951116,35.6443775977961,76.55031903503166
0.14400000000000002,4.701051151031664,31.520398632070933,35.6443775977961,76.49483809177251
0.145,4.700953654683061,31.38926440865353,35.6443775977961,76.5712642278692
0.146,4.698716603978137,31.38926440865353,35.73026047427494,76.5712642278692
0.147,4.689414413992489,31.41529395272284,35.73026047427494,76.65039849329087
0.148,4.684061883891945,31.431132528110265,35.73026047427494,76.65039849329087
0.149,4.679143621036047,31.431132528110265,35.73026047427494,76.70343239079614
0.15,4.663074882062074,31.457658156559642,35.80295253362461,76.70343239079614
0.151,4.656188650082331,31.468699774964584,35.80295253362461,76.78000205930775
0.152,4.6513095597090635,31.48106971118481,35.80295253362461,76.43938017275251
0.153,4.650707141632544,31.48106971118481,35.80295253362461,76.43938017275251
0.154,4.648921087795716,31.480090363952993,35.80295253362461,76.4690993516566
0.155,4.6502279406369995,31.50631171419606,35.88439222121866,76.4690993516566
0.156,4.650036474667767,31.50631171419606,35.88439222121866,76.49264982611324
0.157,4.648319827680088,31.474472588057953,35.88439222121866,76.49264982611324
0.158,4.648855301203052,31.500847539543603,35.88439222121866,76.51780272579518
0.159,4.6320043114582745,31.500847539543603,35.93769005371376,76.51780272579518
0.16,4.627712583843406,31.522665187676637,35.93769005371376,76.54642229108738
0.161,4.627492010893637,31.54949319431218,35.93769005371376,76.48918417837855
0.162,4.626296516981377,31.54949319431218,35.93769005371376,76.48918417837855
0.163,4.621935848154043,31.512145216350046,35.90584907908267,76.22305444686982
0.164,4.62416751434096,31.306326572301256,35.90584907908267,76.22305444686982
0.165,4.623940171924163,31.33341286931725,35.90584907908267,76.29075131119106
0.166,4.624112290302609,31.33341286931725,35.90584907908267,76.29075131119106
0.167,4.620407079243028,31.347982682321796,35.989470379082164,76.36091720234748
0.168,4.612168989196661,31.35984785039777,35.989470379082164,76.41455328136259
0.169,4.607416732852179,31.35984785039777,35.989470379082164,76.41455328136259
0.17,4.602263882301743,31.385674510399365,35.989470379082164,76.32333554206379
0.171,4.600336074938674,30.632294886847795,36.07951790446454,76.32333554206379
0.17200000000000001,4.599921464778056,30.632294886847795,36.07951790446454,76.3486228610362
0.17300000000000001,4.599044572596631,30.489589231895007,36.07951790446454,76.3486228610362
0.17400000000000002,4.588874403522279,30.514245224049848,36.07951790446454,76.41046296451228
0.17500000000000002,4.5835326625279045,30.514245224049848,36.170449963402774,76.48985357561499
0.176,4.566148937940854,30.54013866860312,36.170449963402774,76.48985357561499
0.177,4.5639977511235115,30.55441860533768,36.170449963402774,76.54004652023983
0.178,4.559502623120117,30.55441860533768,36.170449963402774,76.54004652023983
0.179,4.551401304033241,30.581197576069144,36.170449963402774,76.60076757305858
0.18,4.542365514345972,30.59596867786024,36.260645117951064,76.60076757305858
0.181,4.541778534214284,30.61654067502396,36.260645117951064,76.51164717157171
0.182,4.540314963258798,30.61654067502396,36.260645117951064,76.47079045459797
0.183,4.532956290904226,30.642834631309583,36.260645117951064,76.47079045459797
0.184,4.531969087589762,30.503097730440516,36.33344979824716,76.54053429378214
0.185,4.529018072056309,30.503097730440516,36.33344979824716,76.54053429378214
0.186,4.529587244219992,30.524370335114035,36.33344979824716,76.21216715705214
0.187,4.529412096743934,30.32236864622716,36.33344979824716,76.21216715705214
0.188,4.527768644233556,30.32236864622716,36.42289105227803,76.23437876282983
0.189,4.523439362970214,30.349378606870065,36.42289105227803,76.23437876282983
0.19,4.520445583442744,30.37316117305133,36.42289105227803,76.23983841561132
0.191,4.50224813952333,30.37316117305133,36.42289105227803,76.31298551597885
0.192,4.504229075907048,30.378719993958978,36.50925192581412,76.31298551597885
0.193,4.506074532383162,30.200375731925984,36.50925192581412,76.37939713748838
0.194,4.505389194765236,30.226134871771958,36.50925192581412,76.37939713748838
0.195,4.50140493607434,30.226134871771958,36.50925192581412,76.04402740538345
0.196,4.500919672738655,30.239561502266287,36.5985994109695,76.04402740538345
0.197,4.49503116887308,30.266325462642193,36.5985994109695,74.87870166912879
0.198,4.4953461152793,30.266325462642193,36.5985994109695,74.96043549225223
0.199,4.4886622673747345,30.0418444221268,36.5985994109695,74.96043549225223
0.2,4.479464619779883,30.06893544846125,36.65918144866172,74.94095197159938
0.201,4.47557800476539,30.06893544846125,36.65918144866172,74.94095197159938
0.202,4.477567764028852,30.00497316303367,36.65918144866172,73.24627086283002
0.203,4.468805736044004,30.01218574631135,36.65918144866172,73.24627086283002
0.20400000000000001,4.467571714886764,30.01218574631135,36.65918144866172,73.3151217818231
0.20500000000000002,4.4628786012628705,30.039432471227734,36.63671006132794,73.360536871464
0.20600000000000002,4.450925621390847,30.025314746103252,36.63671006132794,73.360536871464
0.20700000000000002,4.449568314887689,30.026859682964744,36.63671006132794,72.41988640079381
0.20800000000000002,4.445213752809128,30.026859682964744,36.63671006132794,72.41988640079381
0.209,4.444181302131885,30.02444402538497,36.620556903586056,72.4795349519886
0.21,4.443520322482036,30.050670274779105,36.620556903586056,72.4795349519886
0.211,4.443356504651067,30.050670274779105,36.620556903586056,72.51449927264065
0.212,4.425983574914014,30.077635688401987,36.620556903586056,72.51449927264065
0.213,4.42293061669745,30.102649497236875,36.7164133602039,72.50737820288346
0.214,4.420084966568258,30.102649497236875,36.7164133602039,72.57547139374051
0.215,4.41005013178077,30.125670412982355,36.7164133602039,72.57547139374051
0.216,4.391730861848363,30.13407415081441,36.7164133602039,72.51117083466256
0.217,4.3874413669346115,30.13407415081441,36.739722483059104,72.51117083466256
0.218,4.385913013401327,30.113063073106225,36.739722483059104,72.58313703579816
0.219,4.386901975453526,30.12245906296197,36.739722483059104,72.58313703579816
0.22,4.384416725490188,30.091378596493893,36.739722483059104,72.53316431004623
0.221,4.385495247700092,30.091378596493893,36.323404001235815,72.2010206717038
0.222,4.384060767628133,30.119307498827837,36.323404001235815,72.2010206717038
0.223,4.384977484705064,30.13741462888856,36.323404001235815,71.03129362150923
0.224,4.382165918804125,30.13741462888856,36.323404001235815,71.03129362150923
0.225,4.38411403054801,30.084143034995655,36.41921417549749,71.01478495692892
0.226,4.385616801826446,30.111980317068102,36.41921417549749,71.01478495692892
0.227,4.38246185624795,30.111980317068102,36.41921417549749,70.93823173266198
0.228,4.381387027839608,30.138329681345386,36.41921417549749,70.6441616500957
0.229,4.372251128341715,30.162062118110917,36.41921417549749,70.6441616500957
0.23,4.370345980972728,30.162062118110917,36.435977880407535,70.65629389229608
0.231,4.365469000262629,30.19013481893097,36.435977880407535,70.65629389229608
0.232,4.367314162980775,30.20617963481348,36.435977880407535,70.72170245958345
0.233,4.364491476664005,30.23466124601864,36.435977880407535,70.72170245958345
0.234,4.365052385645821,30.23466124601864,36.53436159183444,70.59040636323216
0.23500000000000001,4.341708359936545,30.10455765682689,36.53436159183444,70.3577990608351
0.23600000000000002,4.337568062794013,30.13209377967,36.53436159183444,70.3577990608351
0.23700000000000002,4.335144596847494,30.13209377967,36.53436159183444,70.40234200114918
0.23800000000000002,4.331115784552128,29.725102397915062,36.54598371012396,70.40234200114918
0.23900000000000002,4.327492605637859,29.75326294029445,36.54598371012396,69.83123091331063
0.24,4.326632153173553,29.75326294029445,36.54598371012396,69.83123091331063
0.241,4.321278995148349,29.77988861445829,36.54598371012396,69.9120648674008
0.242,4.318924080309841,29.804669482287412,36.55674918135908,69.9120648674008
0.243,4.319587969286788,29.804669482287412,36.55674918135908,69.58017366670047
0.244,4.319263387613413,29.824873510664094,36.55674918135908,69.66113932181275
0.245,4.319971671281463,29.758095748244536,36.55674918135908,69.66113932181275
0.246,4.311088427037085,29.758095748244536,36.63559612482136,69.72701682561221
0.247,4.308926565323376,29.678561600532653,36.63559612482136,69.72701682561221
0.248,4.306811956424423,29.661754891687032,36.63559612482136,69.706463306788
0.249,4.305996732135765,29.65841302974201,36.63559612482136,69.706463306788
0.25,4.3052571688769365,29.65841302974201,36.73698842157472,69.75797424437873
0.251,4.305206516874461,29.681346210309787,36.73698842157472,69.71487239302694
0.252,4.302807325069648,29.709901193760153,36.73698842157472,69.71487239302694
0.253,4.303337934276595,29.709901193760153,36.73698842157472,69.79296801020968
0.254,4.2972281044245175,29.73852080043188,36.73698842157472,69.79296801020968
0.255,4.297456941405105,29.746647508529573,36.70586097729002,69.87237095514271
0.256,4.295765615031744,29.746647508529573,36.70586097729002,69.87237095514271
0.257,4.2889470065302495,29.681689524590183,36.70586097729002,69.95358883210429
0.258,4.290159620100747,29.709804992978007,36.70586097729002,69.91473759676626
0.259,4.290110910669088,29.709804992978007,36.80882285002029,69.91473759676626
0.26,4.290722524267078,29.73054211741773,36.80882285002029,69.76770953595546
0.261,4.2885234141727615,29.758828941328822,36.80882285002029,69.76770953595546
0.262,4.285913087593964,29.786569209122163,36.80882285002029,69.84825111567243
0.263,4.284440251468628,29.786569209122163,36.839857288124946,69.84825111567243
0.264,4.279609026741485,29.658980562860364,36.839857288124946,69.91535738764397
0.265,4.279667705125156,29.684912545641584,36.839857288124946,69.91535738764397
0.266,4.275666374473523,29.684912545641584,36.839857288124946,69.96223379965416
0.267,4.273021756802681,29.713286849950318,36.788923934213,70.03026924367923
0.268,4.274048310571342,29.74123739682755,36.788923934213,70.03026924367923
0.269,4.272910598680521,29.74123739682755,36.788923934213,70.02839300705352
0.27,4.267954771950153,29.77047809973573,36.788923934213,70.02839300705352
0.271,4.26591669566433,29.74465986851517,36.465785444508356,70.00460723845866
0.272,4.258447418023164,29.74465986851517,36.465785444508356,70.00460723845866
0.273,4.254649982713239,29.738505604589985,36.465785444508356,69.89984540777458
0.274,4.2534129256336195,29.767105190934352,36.465785444508356,69.81132423422812
0.275,4.244856901793353,29.79649600031179,36.54002497920467,69.81132423422812
0.276,4.24213062030116,29.79649600031179,36.54002497920467,69.8903890906026
0.277,4.23799306627892,29.77937384364217,36.54002497920467,69.8903890906026
0.278,4.234333696822451,29.773537594685106,36.54002497920467,69.96289581187291
0.279,4.231334054424088,29.773537594685106,36.54002497920467,69.96289581187291
0.28,4.224195005288779,29.803410735008427,36.61991719104948,69.90160871230668
0.281,4.221944033900492,29.833351564166033,36.61991719104948,69.97757499492681
0.28200000000000003,4.221444969880621,29.833351564166033,36.61991719104948,69.97757499492681
0.28300000000000003,4.222941065639514,29.838115494149044,36.61991719104948,70.05469624970515
0.28400000000000003,4.201299996661882,29.847480567281316,35.174696851501,70.05469624970515
0.28500000000000003,4.2036376678023775,29.847480567281316,35.174696851501,70.14028208384406
0.28600000000000003,4.198034836390819,29.86205106397419,35.174696851501,70.14028208384406
0.28700000000000003,4.19294887737893,29.87978276279016,35.174696851501,70.19775050313261
0.28800000000000003,4.195018425997446,29.910106350963286,34.89356398854781,70.27458129001614
0.289,4.193254116130296,29.910106350963286,34.89356398854781,70.27458129001614
0.29,4.187014552387627,29.94046314125106,34.89356398854781,70.24195748521848
0.291,4.186704738203512,29.914792176610234,34.89356398854781,70.24195748521848
0.292,4.17956351688904,29.914792176610234,34.889150095960964,70.28349396660245
0.293,4.1752841033980665,29.944709830690652,34.889150095960964,70.28349396660245
0.294,4.177125505683534,29.974819518344496,34.889150095960964,69.9616874138142
0.295,4.174922715566406,29.974819518344496,34.889150095960964,69.9616874138142
0.296,4.173441263189168,29.769982170565566,34.542305331727846,69.96327698963067
0.297,4.1698970628380705,29.793118733916778,34.542305331727846,70.05097988656877
0.298,4.159811773970507,29.793118733916778,34.542305331727846,70.05097988656877
0.299,4.160434547754572,29.819793973339365,34.542305331727846,70.11648856568118
0.3,4.160564112763281,29.771257209958385,34.362615580330655,70.11648856568118
0.301,4.146580510882554,29.771257209958385,34.362615580330655,70.1696979954508
0.302,4.1452631887894915,29.768877788247522,34.362615580330655,70.1696979954508
0.303,4.13550643073244,29.790200644337528,34.362615580330655,70.22719108496781
0.304,4.136605957026299,29.77551181095413,34.362615580330655,70.24749296055028
0.305,4.130318412295893,29.77551181095413,34.25029829476375,70.24749296055028
0.306,4.128048584667964,29.805440864451164,34.25029829476375,70.26380166355253
0.307,4.12852937725176,29.680201743877113,34.25029829476375,70.26380166355253
0.308,4.127211073270255,29.680201743877113,34.25029829476375,69.7912128766025
0.309,4.12589252596257,29.703777000139098,34.18203373934927,69.7912128766025
0.31,4.1272322189887545,29.734889903043054,34.18203373934927,69.57133550005712
0.311,4.12650590904366,29.734889903043054,34.18203373934927,69.64729147176213
0.312,4.126110706443802,29.743664935350854,34.18203373934927,69.64729147176213
0.313,4.125382874430002,29.743566328463192,34.27211546057826,69.72892755162685
0.314,4.126803942612397,29.743566328463192,34.27211546057826,69.72892755162685
0.315,4.125195682758273,29.69572953920298,34.27211546057826,69.64328907052938
0.316,4.121930000135669,29.722303705368034,34.27211546057826,69.64328907052938
0.317,4.122915903044347,29.676501868011723,34.18971605045336,69.72383733063377
0.318,4.123538554356946,29.676501868011723,34.18971605045336,69.72383733063377
0.319,4.1164031139280315,29.705704429728062,34.18971605045336,69.62667869161764
0.32,4.116983119495878,29.66934375429752,34.18971605045336,69.69052956404195
0.321,4.116140864703663,29.66934375429752,34.288004598722566,69.69052956404195
0.322,4.115494944446743,29.69074429576474,34.288004598722566,69.7407277408619
0.323,4.112893981166594,29.72244554642217,34.288004598722566,69.7407277408619
0.324,4.106761230554319,29.72244554642217,34.288004598722566,69.67408334433588
0.325,4.101825218797323,29.75195929564724,34.387220426216565,69.67408334433588
0.326,4.099818373204582,29.768563384387196,34.387220426216565,69.75541963832958
0.327,4.100232708844631,29.768563384387196,34.387220426216565,69.59452576594676
0.328,4.102938763261272,29.800551569303867,34.387220426216565,69.59452576594676
0.329,4.104106991164069,29.832293072622406,34.387220426216565,69.67886702659715
0.33,4.105592648389331,29.82688451835714,34.45616837522096,69.67886702659715
0.331,4.103709775342877,29.82688451835714,34.45616837522096,69.74748597802635
0.332,4.098370265764326,29.741267394575733,34.45616837522096,69.74748597802635
0.333,4.093748755456699,29.773486854318968,34.45616837522096,69.76552465385612
0.334,4.094252014195615,29.773486854318968,34.55608659839007,69.84635657540886
0.335,4.061969955537438,29.804191183506468,34.55608659839007,69.84635657540886
0.336,4.0598277003309695,29.830547206246123,34.55608659839007,69.9279714371908
0.337,4.057657681002231,29.830547206246123,34.55608659839007,69.9279714371908
0.338,4.0575950631021405,29.858622379562807,34.658087453776574,70.01964514680445
0.339,4.058300491383829,29.88980217259139,34.658087453776574,70.01964514680445
0.34,4.055921972919295,29.88980217259139,34.658087453776574,69.46128106568592
0.341,4.055862734141091,29.920381371569917,34.658087453776574,69.546157654104
0.342,4.0563475412454215,29.95097374911454,34.48945759202453,69.546157654104
0.343,4.054724764960661,29.980954983543146,34.48945759202453,69.63941840978885
0.34400000000000003,4.046338659511302,29.980954983543146,34.48945759202453,69.63941840978885
0.34500000000000003,4.0436124519102465,29.993088714702772,34.48945759202453,69.32586609166212
0.34600000000000003,4.041300037799681,30.021014938228245,34.59528789232508,69.32586609166212
0.34700000000000003,4.040164506818265,30.021014938228245,34.59528789232508,69.40957908844422
0.34800000000000003,4.033057663587647,30.052792332591522,34.59528789232508,69.40957908844422
0.34900000000000003,4.031248676786246,30.048322341524862,34.59528789232508,69.5008203404535
0.35000000000000003,3.977908260159081,30.048322341524862,34.31578274570749,69.57897999351837
0.35100000000000003,3.977084784101584,30.076533130964236,34.31578274570749,69.57897999351837
0.352,3.9773650299688526,30.015039695270044,34.31578274570749,69.6736965253102
0.353,3.972944737454097,30.015039695270044,34.31578274570749,69.6736965253102
0.354,3.96394924967504,30.036574351927445,34.31578274570749,69.27472809735201
0.355,3.959008902792393,30.055113956108176,34.42629839406263,69.27472809735201
0.356,3.9590467016543434,30.055113956108176,34.42629839406263,69.19905127064067
0.357,3.9570726854402714,30.07650002067298,34.42629839406263,69.23062195827296
0.358,3.9566192581129376,30.10893057915347,34.42629839406263,69.23062195827296
0.359,3.958973399110117,30.140515903113645,34.53448589534727,69.29525685262065
0.36,3.9593129083927785,30.140515903113645,34.53448589534727,69.29525685262065
0.361,3.956157315736419,30.174589833474432,34.53448589534727,69.37732482835486
0.362,3.953228575145741,30.208332932432718,34.53448589534727,69.37732482835486
0.363,3.946585765882021,30.208332932432718,34.61095075011237,69.47067483569568
0.364,3.94812260276507,30.210998728295476,34.61095075011237,69.56674273870215
0.365,3.933206039527841,30.235113557359085,34.61095075011237,69.56674273870215
0.366,3.934048025688843,30.235113557359085,34.61095075011237,69.41004944463421
0.367,3.9344989722144654,30.253026683291235,33.34291999446299,69.41004944463421
0.368,3.9317031934300672,30.259995631492522,33.34291999446299,69.48381040573385
0.369,3.929034342862998,30.259995631492522,33.34291999446299,69.48381040573385
0.37,3.925687162149585,30.259786736477036,33.34291999446299,69.54748843414713
0.371,3.924432656865657,30.28138487772311,33.43965687017151,69.54748843414713
0.372,3.9257471239750785,30.248829637745743,33.43965687017151,69.4810001053258
0.373,3.927043890341987,30.248829637745743,33.43965687017151,69.47595884507635
0.374,3.922954124820496,30.244629932420406,33.43965687017151,69.47595884507635
0.375,3.921876083088375,30.23914327062124,33.502517289962505,69.57387580972816
0.376,3.921016748241158,30.23914327062124,33.502517289962505,69.57387580972816
0.377,3.921610844404541,30.00092935960318,33.502517289962505,68.41189474781079
0.378,3.9202040753179976,30.035703938826607,33.502517289962505,68.41189474781079
0.379,3.92031370429381,30.035703938826607,33.502517289962505,68.38778583157685
0.38,3.920927068726372,30.068904293434006,33.509761999584725,68.2647136596194
0.381,3.9190046819542994,30.06754679367002,33.509761999584725,68.2647136596194
0.382,3.9204823806184477,30.06754679367002,33.509761999584725,67.92480685296775
0.383,3.9193103595746166,30.10239943465214,33.509761999584725,67.92480685296775
0.384,3.9155353363919607,30.113128142351805,33.46639776223087,67.98760073105136
0.385,3.9099539384987727,30.147344632830343,33.46639776223087,67.98760073105136
0.386,3.903373049374715,30.147344632830343,33.46639776223087,68.06927465230628
0.387,3.9052579281753057,30.15510840208944,33.46639776223087,68.16715841802421
0.388,3.9022456320321277,30.18794689984662,33.484345997014216,68.16715841802421
0.389,3.89198667033609,30.18794689984662,33.484345997014216,68.23415595519258
0.39,3.8874192293980547,30.179533237657473,33.484345997014216,68.23415595519258
0.391,3.887178638759279,30.211256516183926,33.484345997014216,68.32187613729764
0.392,3.8855051411603414,30.211256516183926,33.2400034949701,68.32187613729764
0.393,3.8853535072084786,30.156394091117175,33.2400034949701,68.1495719010834
0.394,3.888041162528067,30.192305278030968,33.2400034949701,68.078140716847
0.395,3.8862059300535527,30.192305278030968,33.2400034949701,68.078140716847
0.396,3.8822239947774637,30.214530969032335,33.14967220516263,68.15016254286579
0.397,3.873857497460348,30.246770818955348,33.14967220516263,68.15016254286579
0.398,3.8735785650850265,30.28281248161665,33.14967220516263,68.24934947243423
0.399,3.862385732601407,30.28281248161665,33.14967220516263,68.24934947243423
0.4,3.862332034089812,30.28731940226261,33.09872710208813,68.2760812937005
0.401,3.8552782869552744,30.312823095140594,33.09872710208813,68.2760812937005
0.402,3.845015583670713,30.312823095140594,33.09872710208813,68.36189578018069
0.403,3.846617264668487,30.20813285479025,33.09872710208813,68.41416839439535
0.404,3.8455923717340457,30.2437748497364,33.09872710208813,68.41416839439535
0.405,3.843136972471356,30.2437748497364,32.13977606906428,68.50723241377874
0.406,3.844394198667402,30.271548016933174,32.13977606906428,68.50723241377874
0.40700000000000003,3.8447623293605586,30.281481453613853,32.13977606906428,68.6085871646415
0.40800000000000003,3.84682290608838,30.281481453613853,32.13977606906428,68.6085871646415
0.40900000000000003,3.842668728618414,30.31843074005909,32.25262062018897,68.22920388170394
0.41000000000000003,3.8444697016025393,30.27939632893269,32.25262062018897,68.29841081282866
0.41100000000000003,3.8455643241962214,30.246286703915594,32.25262062018897,68.29841081282866
0.41200000000000003,3.833150057468426,30.246286703915594,32.25262062018897,68.15956171466914
0.41300000000000003,3.8339307188496634,30.282596865915743,32.35352056532521,68.15956171466914
0.41400000000000003,3.820152754350853,30.318982804970645,32.35352056532521,68.23553761802256
0.41500000000000004,3.819698082624098,30.318982804970645,32.35352056532521,68.23553761802256
0.41600000000000004,3.8171070111856786,30.35646627157981,32.35352056532521,68.13435818857643
0.417,3.8151088447281722,30.38093746042812,32.467581098811976,68.2026664240113
0.418,3.8119020545355737,30.38093746042812,32.467581098811976,68.2026664240113
0.419,3.8127461909350377,30.40044950492024,32.467581098811976,68.04438708920009
0.42,3.8148618534185332,30.43752977087772,32.467581098811976,68.04438708920009
0.421,3.815727128284711,30.43752977087772,32.58393327522426,67.99849435489448
0.422,3.8152055097540267,30.474981243541713,32.58393327522426,67.99849435489448
0.423,3.812939222670276,30.1614237543403,32.58393327522426,68.07433427696874
0.424,3.8154083399283567,30.1614237543403,32.58393327522426,68.07433427696874
0.425,3.8177494063645936,30.19511478210399,32.68158760381915,68.15742935386778
0.426,3.8153735241927205,30.202006667471462,32.68158760381915,68.25189498927593
0.427,3.8177284496419333,30.12708462389372,32.68158760381915,68.25189498927593
0.428,3.8092519671919383,30.12708462389372,32.68158760381915,68.35651513584536
0.429,3.8112091102219376,30.162239446981577,32.68158760381915,68.35651513584536
0.43,3.8103265745352313,30.13077855801798,32.79258558291419,68.4009670086363
0.431,3.809775824611398,30.13077855801798,32.79258558291419,68.4009670086363
0.432,3.8046056340490204,30.166773092836547,32.79258558291419,68.43776209461636
0.433,3.8001297868997104,30.198773695829292,32.79258558291419,68.43930209549009
0.434,3.7973157115454432,30.198773695829292,32.743696103822295,68.43930209549009
0.435,3.7994729152851723,30.106125775772437,32.743696103822295,67.73091512557455
0.436,3.8001687646371733,30.015784886547085,32.743696103822295,67.73091512557455
0.437,3.8012378871190937,30.015784886547085,32.743696103822295,67.76516888958538
0.438,3.8009148525348615,30.053771146576317,32.827039863590805,67.76516888958538
0.439,3.798261319228456,30.075681879616376,32.827039863590805,67.40253276761347
0.44,3.798309976899702,30.104524288666052,32.827039863590805,67.49341446044434
0.441,3.7990563646063533,30.104524288666052,32.827039863590805,67.49341446044434
0.442,3.797678411208596,30.143212495260833,32.91141175516266,67.5044675494294
0.443,3.799673542144474,30.170609629736717,32.91141175516266,67.5044675494294
0.444,3.7965084645722302,30.170609629736717,32.91141175516266,67.61142320055265
0.445,3.7973355924872165,30.197697669926853,32.91141175516266,67.61142320055265
0.446,3.7937916575464854,30.23488381815175,32.98409362891978,67.67749538466586
0.447,3.7937825576380653,30.23488381815175,32.98409362891978,67.70096306675401
0.448,3.7922819518816224,30.227707090258498,32.98409362891978,67.70096306675401
0.449,3.786218929197398,30.22461697784375,32.98409362891978,67.62166345539984
0.45,3.7863353810091978,30.22461697784375,33.10787681405744,67.62166345539984
0.451,3.78875485000364,30.264169594106114,33.10787681405744,67.64773091442441
0.452,3.786569588542264,30.259343675867594,33.10787681405744,67.64773091442441
0.453,3.7861283055266903,30.293152858771826,33.10787681405744,67.6792337917863
0.454,3.783341587133605,30.293152858771826,33.10787681405744,67.6792337917863
0.455,3.774655667618434,30.33103227634938,33.04252267435427,67.76405880614672
0.456,3.770873635800746,30.259680934597515,33.04252267435427,67.51415284358774
0.457,3.771584268954246,30.259680934597515,33.04252267435427,67.51415284358774
0.458,3.7707265700810115,30.290241295632583,33.04252267435427,67.6154162943389
0.459,3.769456011378459,30.306721875597148,33.07761063863856,67.6154162943389
0.46,3.761302275986002,30.306721875597148,33.07761063863856,67.51237339626137
0.461,3.7623473019550127,30.33591061060779,33.07761063863856,67.51237339626137
0.462,3.7645923576447577,30.36567907191667,33.07761063863856,66.97532188569386
0.463,3.765629894183719,30.36567907191667,33.191436539303716,66.75350575090683
0.464,3.76757008291323,30.404195865265276,33.191436539303716,66.75350575090683
0.465,3.7678491292578538,30.442952545347293,33.191436539303716,66.85683559038141
0.466,3.768266575836067,30.48241051590762,33.191436539303716,66.85683559038141
0.467,3.764849186508389,30.48241051590762,33.31614830301386,66.92146247504829
0.468,3.762576049681044,30.457624832798867,33.31614830301386,66.92146247504829
0.46900000000000003,3.7540425021180406,30.350550669502415,33.31614830301386,66.94783453827255
0.47000000000000003,3.7503291227602675,30.350550669502415,33.31614830301386,66.83644615709079
0.47100000000000003,3.749416632925498,30.26930739920923,33.41443745974248,66.83644615709079
0.47200000000000003,3.74776907649469,30.28475999376531,33.41443745974248,66.94734923603475
0.47300000000000003,3.7466190576969036,30.28475999376531,33.41443745974248,66.94734923603475
0.47400000000000003,3.74326814389026,30.2847684047863,33.41443745974248,67.05472708333991
0.47500000000000003,3.7456161635868734,30.296837353433798,33.51399160300678,67.05472708333991
0.47600000000000003,3.7450976548379686,30.296837353433798,33.51399160300678,67.13193809516896
0.47700000000000004,3.739225351173051,30.203196380832704,33.51399160300678,67.13193809516896
0.47800000000000004,3.736752191017488,30.242251158664818,33.51399160300678,67.23807239878838
0.47900000000000004,3.7349000237564978,30.242251158664818,33.51399160300678,66.62830534729054
0.48,3.718105438345993,30.041448868545963,33.24882323267899,66.62830534729054
0.481,3.71773426061596,30.07611318855234,33.24882323267899,66.74057705819924
0.482,3.71866726786444,30.07618404603389,33.24882323267899,66.74057705819924
0.483,3.7168267096504715,30.07618404603389,33.24882323267899,66.84826766092787
0.484,3.7138461649041115,30.10606377478463,33.31999728991173,66.84826766092787
0.485,3.709430063061377,30.145782683850612,33.31999728991173,66.91724346198902
0.486,3.7062513842572544,30.145782683850612,33.31999728991173,66.87104496711405
0.487,3.7051601544605046,30.10940611172551,33.31999728991173,66.87104496711405
0.488,3.7030227223751524,29.93319651692549,33.36734538773021,66.95296541472233
0.489,3.7038880630425317,29.93319651692549,33.36734538773021,66.95296541472233
0.49,3.7015443560433807,29.9603856382014,33.36734538773021,67.04200953615788
0.491,3.699401263265341,29.90682663372113,33.36734538773021,67.04200953615788
0.492,3.6983526689624293,29.90682663372113,33.41540093507952,67.14550546028086
0.493,3.6946189436594854,29.947287807597988,33.41540093507952,66.08479500076727
0.494,3.6777884149881412,29.598756552463122,33.41540093507952,66.08479500076727
0.495,3.6801063303365438,29.640883008528313,33.41540093507952,66.17129723779514
0.496,3.678291775154741,29.640883008528313,33.45041280322972,66.17129723779514
0.497,3.6798022331274756,29.622654147318386,33.45041280322972,66.2681272233507
0.498,3.674341423506176,29.664278245134103,33.45041280322972,66.2681272233507
0.499,3.67451054724071,29.664278245134103,33.45041280322972,66.36518315762068
0.5,3.6743735968327678,29.7071003313066,33.53863833005603,66.14558892866424
0.501,3.6689297136440646,29.74862516741615,33.53863833005603,66.14558892866424
0.502,3.6648885179107165,29.74862516741615,33.53863833005603,66.20882983571698
0.503,3.6660564509012428,29.5041681004772,33.53863833005603,66.20882983571698
0.504,3.658599922629055,29.546616217102017,33.53863833005603,66.25003535830865
0.505,3.659547683083492,29.546616217102017,33.677101823687224,66.25003535830865
0.506,3.6597739764206882,29.57245391585415,33.677101823687224,66.3621905220071
0.507,3.65763247378918,29.613993188777552,33.677101823687224,66.3621905220071
0.508,3.6582073114106937,29.653258727452098,33.677101823687224,65.89598189004161
0.509,3.6563113252677324,29.653258727452098,33.81407307394345,65.84531114166923
0.51,3.656954443197257,29.695789152495237,33.81407307394345,65.84531114166923
0.511,3.6593556313288613,29.529155724332725,33.81407307394345,65.92482816039639
0.512,3.6580010492516837,29.529155724332725,33.81407307394345,65.92482816039639
0.513,3.6601001070035095,29.556559170255156,33.9395396911875,66.04047509492588
0.514,3.657167636515263,29.57683342296053,33.9395396911875,66.04047509492588
0.515,3.656790117601782,29.57683342296053,33.9395396911875,65.70633447268743
0.516,3.658861793223021,29.613391232241977,33.9395396911875,65.79670728705484
0.517,3.656424878360552,29.62669666213698,33.51853351212442,65.79670728705484
0.518,3.646449910479362,29.62669666213698,33.51853351212442,65.17352649476977
0.519,3.643792558941912,29.572611980355177,33.51853351212442,65.17352649476977
0.52,3.643151510831723,29.369861077732924,33.51853351212442,65.28070186182347
0.521,3.6328458527968817,29.409104284856554,33.50450145521059,65.28070186182347
0.522,3.631760283954601,29.409104284856554,33.50450145521059,65.21606721034799
0.523,3.6343107789381706,29.40111704316345,33.50450145521059,65.32987316366186
0.524,3.6376661699063777,29.11991829811127,33.50450145521059,65.32987316366186
0.525,3.63828257751529,29.11991829811127,33.577873828640556,65.34885700374701
0.526,3.6360678139938565,29.122828780193057,33.577873828640556,65.34885700374701
0.527,3.6385547195770465,29.158980179603724,33.577873828640556,65.21634935279289
0.528,3.6353462333983475,29.158980179603724,33.577873828640556,65.21634935279289
0.529,3.6317082360454616,29.04411528529899,33.577873828640556,65.33630159775122
0.53,3.615510858815383,29.07234292080808,33.65238058241862,65.33630159775122
0.531,3.6169266248152887,29.07234292080808,33.65238058241862,65.07075313742534
0.532,3.618146219965553,29.111580335589377,33.65238058241862,65.18223773001495
0.533,3.618858950685951,29.156605416809093,33.65238058241862,65.18223773001495
0.534,3.621540964262093,29.156605416809093,33.73451344454625,64.98706636352361
0.535,3.6207077092226165,29.156080041299774,33.73451344454625,64.98706636352361
0.536,3.623550322225557,29.193553471238754,33.73451344454625,65.09222928484992
0.537,3.619670321678155,29.10492433266659,33.73451344454625,65.09222928484992
0.538,3.616529625946872,29.10492433266659,33.36351479529618,65.20275366173546
0.539,3.6143496201479826,29.14905163100697,33.36351479529618,64.2759577321307
0.54,3.6160622542457173,29.18830655437329,33.36351479529618,64.2759577321307
0.541,3.6182673702655497,29.18830655437329,33.36351479529618,64.28864591374905
0.542,3.619774435367915,29.205197507706455,32.88955108735339,64.28864591374905
0.543,3.6206366003889676,29.175465473768917,32.88955108735339,64.40177059746358
0.544,3.6226664411826377,29.175465473768917,32.88955108735339,64.40177059746358
0.545,3.621317316090031,29.21633433461625,32.88955108735339,64.50291307434391
0.546,3.621419291827282,28.89817905035844,33.005928403391685,64.62785834979596
0.547,3.6218359536190174,28.89817905035844,33.005928403391685,64.62785834979596
0.548,3.6155419940572933,28.936860742965184,33.005928403391685,64.74896209828897
0.549,3.6192848194777,28.98275498789074,33.005928403391685,64.74896209828897
0.55,3.619299996125403,28.96628113049991,33.15248357700067,64.07905949363013
0.551,3.6174941121848314,28.96628113049991,33.15248357700067,64.07905949363013
0.552,3.617217713715453,28.935966067935134,33.15248357700067,64.13944042011073
0.553,3.620157739598286,28.97368711600264,33.15248357700067,64.13944042011073
0.554,3.620887413689468,28.97368711600264,33.15248357700067,64.06988226475642
0.555,3.6218043955430357,28.992416203369253,33.02805964772118,64.19116747246355
0.556,3.623357742683102,29.03212625779583,33.02805964772118,64.19116747246355
0.557,3.6231186560986797,29.03212625779583,33.02805964772118,64.2978630027091
0.558,3.6218623055992936,29.065794833198456,33.02805964772118,64.2978630027091
0.559,3.623205574632885,29.112270554055964,33.17748196115925,64.37996046333309
0.56,3.623618077161215,29.112270554055964,33.17748196115925,64.37996046333309
0.561,3.624137646527969,29.137093343679805,33.17748196115925,63.68020141132257
0.562,3.626673046712494,29.18414498499212,33.17748196115925,63.6839790432774
0.5630000000000001,3.627396115292692,29.11836373522859,33.067902208037175,63.6839790432774
0.5640000000000001,3.6271266136781746,29.11836373522859,33.067902208037175,63.81276314885797
0.5650000000000001,3.6299718477913614,29.157626372539777,33.067902208037175,63.81276314885797
0.5660000000000001,3.6316511221082695,29.200644453331382,33.067902208037175,63.9345647011255
0.5670000000000001,3.622324461459559,29.200644453331382,33.05225154016566,63.9345647011255
0.5680000000000001,3.62034181014875,29.242815887698804,33.05225154016566,63.9630309799914
0.5690000000000001,3.6215097233345612,29.272908596380375,33.05225154016566,64.09193081030834
0.5700000000000001,3.6120781359922565,29.272908596380375,33.05225154016566,64.09193081030834
0.5710000000000001,3.6095447063801047,29.31836448309594,32.593145247123886,64.22364968598447
0.5720000000000001,3.609864899703968,29.31316391162336,32.593145247123886,64.22364968598447
0.5730000000000001,3.6104801093008225,29.31316391162336,32.593145247123886,64.1879594538631
0.5740000000000001,3.603610931539431,29.354932644800485,32.593145247123886,64.1879594538631
0.5750000000000001,3.6035197362407496,29.29244741253141,32.648546181269204,63.83705149959315
0.5760000000000001,3.602557875911164,29.306259621435125,32.648546181269204,63.69885687103331
0.577,3.6022173429402637,29.306259621435125,32.648546181269204,63.69885687103331
0.578,3.6026911391196887,29.355856011779277,32.648546181269204,63.42539486830906
0.579,3.5984442598783946,29.404169852757583,32.648546181269204,63.42539486830906
0.58,3.601275364987348,29.404169852757583,32.66335270162934,60.75466776621844
0.581,3.6020268596741136,29.362976594353544,32.66335270162934,60.75466776621844
0.582,3.5984364266957214,29.37452679335929,32.66335270162934,60.835077691379986
0.583,3.598433465549377,29.37452679335929,32.66335270162934,60.835077691379986
0.584,3.6006073736116537,29.42518162480191,32.825094400918935,60.67343061464514
0.585,3.594391254092864,29.473659163674533,32.825094400918935,60.712811811974866
0.586,3.5953827284449322,29.473659163674533,32.825094400918935,60.712811811974866
0.587,3.5952358927180765,29.514189888536652,32.825094400918935,60.019722637783225
0.588,3.5934581805305865,29.55439528728788,32.972334525615366,60.019722637783225
0.589,3.5932848188719846,29.55439528728788,32.972334525615366,60.139112746400414
0.59,3.5835172932218877,29.483317750484655,32.972334525615366,60.139112746400414
0.591,3.5827213672653255,29.493928672758205,32.972334525615366,60.26849789096455
0.592,3.5816223100324627,29.525196262957504,33.1328458171521,60.37110562384171
0.593,3.575345554122578,29.525196262957504,33.1328458171521,60.37110562384171
0.594,3.5768044423781302,29.569404665287696,33.1328458171521,60.37492341082781
0.595,3.575794678426462,29.606654726117394,33.1328458171521,60.37492341082781
0.596,3.559012129548676,29.606654726117394,33.301538716357136,60.340574677762554
0.597,3.5611613903021215,29.628851077334495,33.301538716357136,60.340574677762554
0.598,3.562540404066219,29.678480149886845,33.301538716357136,60.24136753280686
0.599,3.560497199937715,29.678480149886845,33.301538716357136,59.29021136994681
0.6,3.562210387921721,29.7108887887585,33.4651965029085,59.29021136994681
0.601,3.5630502750904247,29.7606018036251,33.4651965029085,59.375940273357955
0.602,3.5639491014211773,29.7606018036251,33.4651965029085,59.375940273357955
0.603,3.5668048234831065,29.802155929542362,33.4651965029085,59.48678650669845
0.604,3.567050087686804,29.191499338379355,33.4651965029085,59.48678650669845
0.605,3.563785243613544,29.13339755982578,33.40109397007683,59.442305263704
0.606,3.566807401561491,29.13339755982578,33.40109397007683,59.442305263704
0.607,3.568855634938237,29.13311862417283,33.40109397007683,59.23545932588561
0.608,3.570973228984129,29.18658673024921,33.40109397007683,59.143881714289535
0.609,3.5708369195964402,29.18658673024921,33.57574984756535,59.143881714289535
0.61,3.569283926471361,29.240576338362754,33.57574984756535,59.05551377397918
0.611,3.56704428975323,29.278826226566796,33.57574984756535,59.05551377397918
0.612,3.5681969062333296,29.278826226566796,33.57574984756535,57.50544505508166
0.613,3.5706863644982607,29.322978106244925,33.736491199749,57.50544505508166
0.614,3.565293359779596,29.377347088266713,33.736491199749,57.6361221440827
0.615,3.5549643095462895,29.377347088266713,33.736491199749,57.752944399312355
0.616,3.550349350062568,29.40956618552189,33.736491199749,57.752944399312355
0.617,3.5507660136810304,29.45501650761924,33.9178845322454,56.72876805356211
0.618,3.543083066682613,29.498238572353017,33.9178845322454,56.72876805356211
0.619,3.542057600093079,29.498238572353017,33.9178845322454,56.85833767427
0.62,3.546045715683677,29.543797598282524,33.9178845322454,56.85833767427
0.621,3.5476580915291613,29.597501936096297,33.96207050567779,56.97007672939946
0.622,3.543377934197339,29.597501936096297,33.96207050567779,57.09883472506221
0.623,3.541138056156938,29.622471997873326,33.96207050567779,57.09883472506221
0.624,3.5394141554939678,29.67311161392374,33.96207050567779,56.74840186311982
0.625,3.5250049815703712,29.67311161392374,34.140169700011796,56.74840186311982
0.626,3.523813477496497,29.7275588205863,34.140169700011796,56.77692688905876
0.627,3.5220166781423967,29.766991377420744,34.140169700011796,56.77692688905876
0.628,3.5149722871811093,29.766991377420744,34.140169700011796,56.53622047965745
0.629,3.5102126548191674,29.794310171766014,34.140169700011796,56.64750011452898
0.63,3.508652570256275,29.840698864963922,33.64513095711632,56.64750011452898
0.631,3.5117157710552727,29.88240749686766,33.64513095711632,56.78262490529224
0.632,3.49682035499497,29.88240749686766,33.64513095711632,56.78262490529224
0.633,3.4939813023213,29.933690871980954,33.64513095711632,56.86894563181847
0.634,3.4973535778071003,29.90251602502881,33.58265068727681,56.86894563181847
0.635,3.4904456617669877,29.90251602502881,33.58265068727681,56.48119759158558
0.636,3.4896778080926474,29.86973655957286,33.58265068727681,56.48119759158558
0.637,3.492475790957315,29.929139265507285,33.58265068727681,56.59425559504624
0.638,3.4934677859004197,29.929139265507285,33.59345679750999,56.588667868606294
0.639,3.4923495566204394,29.852741347704438,33.59345679750999,56.588667868606294
0.64,3.4763165758926715,29.912421425728816,33.59345679750999,56.72707837552
0.641,3.4640173750958616,29.912421425728816,33.59345679750999,56.72707837552
0.642,3.4580445743339747,29.96192909869257,33.60451061558449,56.86148083281587
0.643,3.460065824699844,29.982272675858088,33.60451061558449,56.86148083281587
0.644,3.4630284077871063,29.98086967286223,33.60451061558449,56.71500410974892
0.645,3.4634957344451665,29.98086967286223,33.60451061558449,56.51359796808991
0.646,3.4680318696496673,30.03192498099599,33.7481861137004,56.51359796808991
0.647,3.4632351946886804,30.07945791684909,33.7481861137004,56.50168763189284
0.648,3.466432407458506,30.07945791684909,33.7481861137004,56.50168763189284
0.649,3.4669698492012855,30.13591201589042,33.7481861137004,56.526080742058156
0.65,3.4674778306280425,30.159294703777665,32.72073134006448,56.526080742058156
0.651,3.4659104249346235,30.159294703777665,32.72073134006448,56.55465415411549
0.652,3.4591692425339864,30.17800756709484,32.72073134006448,55.85844835024293
0.653,3.462518022454183,30.21660311275698,32.72073134006448,55.85844835024293
0.654,3.4639081446330797,30.21660311275698,32.72073134006448,55.74637080153817
0.655,3.4657879051344214,30.24874128746638,32.82093565212652,55.74637080153817
0.656,3.4628171546890063,30.301147992758874,32.82093565212652,55.87971020049146
0.657,3.464199499972745,30.301147992758874,32.82093565212652,55.87971020049146
0.658,3.465011432786883,30.20649340988451,32.82093565212652,55.86909205222614
0.659,3.4577935747991986,30.250839367619484,32.99527861131865,55.86909205222614
0.66,3.451175163177365,30.313884172883643,32.99527861131865,56.00272322766485
0.661,3.4411306533554304,30.313884172883643,32.99527861131865,55.625692795999356
0.662,3.435739726336468,30.34237717619184,32.99527861131865,55.625692795999356
0.663,3.4375184942795296,30.407410820473586,33.19744879637972,55.318768871277825
0.664,3.440809486804219,30.407410820473586,33.19744879637972,55.318768871277825
0.665,3.4363822700280773,30.399809256453416,33.19744879637972,54.68208891384146
0.666,3.434387382843549,30.460344653750468,33.19744879637972,54.68208891384146
0.667,3.434896185506849,30.460344653750468,33.32203730003182,54.823288305180895
0.668,3.4387729592016214,30.51853652600157,33.32203730003182,54.75748860390624
0.669,3.4352666491458828,30.58396744989322,33.32203730003182,54.75748860390624
0.67,3.4388481478401696,30.58396744989322,33.32203730003182,54.83472101405979
0.671,3.43514996323088,30.551946819711123,33.29656183726568,54.83472101405979
0.672,3.439088829430677,30.612358279752502,33.29656183726568,54.84051724717803
0.673,3.4268919610546313,30.67749031061428,33.29656183726568,54.84051724717803
0.674,3.4250598395975906,30.67749031061428,33.29656183726568,54.96257315665778
0.675,3.420604178852367,30.74438280695162,33.38714155502212,54.88926005964266
0.676,3.424871413924078,30.67874832431556,33.38714155502212,54.88926005964266
0.677,3.4185644136464015,30.67874832431556,33.38714155502212,54.89978106914502
0.678,3.4190160347293213,30.39019555380105,33.38714155502212,54.89978106914502
0.679,3.41027422403347,30.457083183164087,33.38714155502212,55.02051243437926
0.68,3.407010917551537,30.457083183164087,33.47981929948356,55.02051243437926
0.681,3.4095844816197745,30.509001411800902,33.47981929948356,55.07604389865905
0.682,3.395504712964708,30.496346717435596,33.47981929948356,55.00807748998067
0.683,3.391754252473261,30.496346717435596,33.47981929948356,55.00807748998067
0.684,3.388294664905109,30.43274528939833,33.58053597640905,55.152645219391886
0.685,3.3900330043159457,30.49218116588161,33.58053597640905,55.152645219391886
0.686,3.393558166434192,30.55537045986953,33.58053597640905,55.226613705505976
0.687,3.3955620624288727,30.55537045986953,33.58053597640905,55.226613705505976
0.6880000000000001,3.3974955215040974,30.625778109450806,33.21124841118421,55.08165741422497
0.6890000000000001,3.3977137765008862,30.695616485135336,33.21124841118421,55.08165741422497
0.6900000000000001,3.399298414178296,30.695616485135336,33.21124841118421,55.23641947639891
0.6910000000000001,3.395418200151746,30.76528086230405,33.21124841118421,55.38042378022902
0.6920000000000001,3.3946453672367256,30.809541450482936,33.43489531939003,55.38042378022902
0.6930000000000001,3.3937720796947812,30.809541450482936,33.43489531939003,55.365327028666364
0.6940000000000001,3.3966419632307074,30.881284327918063,33.43489531939003,55.365327028666364
0.6950000000000001,3.395576525382786,30.775690034791,33.43489531939003,55.38400876061096
0.6960000000000001,3.3902363883527165,30.775690034791,33.66312211843817,55.38400876061096
0.6970000000000001,3.39247366759538,30.836947728315025,33.66312211843817,55.488659574025014
0.6980000000000001,3.39753609696551,30.393219992647655,33.66312211843817,55.34199137482638
0.6990000000000001,3.400153968426428,30.452889615358668,33.66312211843817,55.34199137482638
0.7000000000000001,3.404484158722551,30.452889615358668,33.83272238836025,55.50110597415963
0.7010000000000001,3.4091699174701766,29.637861016553522,33.83272238836025,55.50110597415963
0.7020000000000001,3.403136718062181,29.708164125448896,33.83272238836025,55.65945478387788
0.7030000000000001,3.3788895451008942,29.708164125448896,33.83272238836025,55.65945478387788
0.704,3.377124021450081,29.778602500150477,33.83272238836025,55.583271287571286
0.705,3.3800616440252895,29.850020179124986,34.00621821356416,55.57132231960012
0.706,3.382557609166806,29.850020179124986,34.00621821356416,55.57132231960012
0.707,3.3877819823234963,29.92164310359777,34.00621821356416,55.59689236033082
0.708,3.389928211900165,29.994634616924117,34.00621821356416,55.59689236033082
0.709,3.3914824497504004,29.994634616924117,34.22171878597771,55.20022841540762
0.71,3.395745331459444,30.027904611903484,34.22171878597771,55.20022841540762
0.711,3.398540217390911,30.099087637147406,34.22171878597771,55.34308426301489
0.712,3.40157039945262,30.099087637147406,34.22171878597771,55.34308426301489
0.713,3.4059204119249666,30.16874466025378,34.38582447318234,55.385601717369944
0.714,3.4039243841006472,30.241538931831084,34.38582447318234,55.332461397739614
0.715,3.408791425557472,29.668597888532066,34.38582447318234,55.332461397739614
0.716,3.4053928957735344,29.668597888532066,34.38582447318234,55.48878494802308
0.717,3.4046188933903005,29.310855717893446,34.435885315621114,55.48878494802308
0.718,3.4043641589170868,29.381376077242177,34.435885315621114,55.512622460957004
0.719,3.4037543246506563,29.381376077242177,34.435885315621114,55.512622460957004
0.72,3.407279237392446,29.454971985036707,34.435885315621114,55.63986200925115
0.721,3.407788700082187,29.521382959517847,34.4873645586902,55.428769504562034
0.722,3.4067061103040395,29.521382959517847,34.4873645586902,55.428769504562034
0.723,3.398903230278675,29.56867031141489,34.4873645586902,55.52155846902539
0.724,3.403981456905335,29.621405292423567,34.4873645586902,55.52155846902539
0.725,3.4065401425586375,29.621405292423567,34.723166059880974,54.36890725335698
0.726,3.4084888576137558,29.67310785684367,34.723166059880974,54.36890725335698
0.727,3.398917968767306,29.743048545460447,34.723166059880974,54.099119045065905
0.728,3.4009366142116235,27.911103358252596,34.723166059880974,53.99158891238577
0.729,3.400712898983237,27.911103358252596,34.723166059880974,53.99158891238577
0.73,3.4025703013410937,27.944142758587475,34.76249844241247,53.96523367762266
0.731,3.405214245573529,28.002593572392282,34.76249844241247,53.96523367762266
0.732,3.4113674775667975,28.002593572392282,34.76249844241247,54.13057560374691
0.733,3.4162860570776465,28.076206090282326,34.76249844241247,54.13057560374691
0.734,3.4211519757562026,28.143438556672805,35.01760304530552,54.30880986428982
0.735,3.4247130056041217,28.143438556672805,35.01760304530552,53.98007123133369
0.736,3.4243365707466564,28.220183275660524,35.01760304530552,53.98007123133369
0.737,3.4269772897884723,28.296785288971943,35.01760304530552,54.157717902781854
0.738,3.4297747508178813,28.296785288971943,34.07983097526401,54.157717902781854
0.739,3.4323457852722505,28.374256839911734,34.07983097526401,54.3296703461784
0.74,3.4359886959377137,28.407953500041433,34.07983097526401,54.3296703461784
0.741,3.4409143504079607,28.47078793966941,34.07983097526401,54.451793527553995
0.742,3.44451541386103,28.47078793966941,34.00602814083198,54.451793527553995
0.743,3.449835057964556,28.507765723965882,34.00602814083198,54.54220772398881
0.744,3.4472556661813636,28.554317481034964,34.00602814083198,54.71283140583066
0.745,3.4497627875057564,28.554317481034964,34.00602814083198,54.71283140583066
0.746,3.453220997223706,28.60888517299875,34.02507997315981,54.835149432522876
0.747,3.457584765901452,28.488056148817943,34.02507997315981,54.835149432522876
0.748,3.4611359961586925,28.488056148817943,34.02507997315981,55.018485758757684
0.749,3.4666921757773626,28.566992350795765,34.02507997315981,55.018485758757684
0.75,3.4716216502304196,28.598376749286942,33.529792449645434,54.969653191784666
0.751,3.476759043539186,28.598376749286942,33.529792449645434,55.03972149065048
0.752,3.4793638554942694,28.681289168118635,33.529792449645434,55.03972149065048
0.753,3.4824478354179287,28.76449695378993,33.529792449645434,55.23367703284054
0.754,3.4848988577500988,28.78298628690006,33.529792449645434,55.23367703284054
0.755,3.47952246285089,28.78298628690006,29.827343143577696,55.399046971461345
0.756,3.474495193691064,28.86265272908387,29.827343143577696,55.399046971461345
0.757,3.478900426174111,25.287705000573883,29.827343143577696,55.474505497150986
0.758,3.480173082089805,25.287705000573883,29.827343143577696,55.43924516428105
0.759,3.4821999194092395,25.31084003205267,25.436292351941805,55.43924516428105
0.76,3.486949145990454,25.371973617668992,25.436292351941805,55.62345640202373
0.761,3.4898163164141516,25.371973617668992,25.436292351941805,55.62345640202373
0.762,3.489005571542151,25.437147843807914,25.436292351941805,55.69252210637971
0.763,3.4850310152767197,25.08733078639387,25.603433879347367,55.69252210637971
0.764,3.492554469905838,25.08733078639387,25.603433879347367,53.72275968998255
0.765,3.4964184347289673,24.86841261755916,25.603433879347367,53.72275968998255
0.766,3.4998494546702332,24.68480412203043,25.603433879347367,53.60170390785356
0.767,3.506114994750935,24.68480412203043,25.79157887956568,53.69644567538475
0.768,3.5097883127236864,24.4492955082635,25.79157887956568,53.69644567538475
0.769,3.514509252806364,24.387833415153434,25.79157887956568,52.70603434880524
0.77,3.520829717267955,24.464404488662407,25.79157887956568,52.70603434880524
0.771,3.526725783719212,24.464404488662407,25.968779936920825,52.58247135418002
0.772,3.528828566098919,24.488903183042012,25.968779936920825,52.58247135418002
0.773,3.5312263970908497,24.56517110701621,25.968779936920825,52.77404428531236
0.774,3.537684171895648,24.56517110701621,25.968779936920825,52.74332305697746
0.775,3.5421990690963705,24.634059087234043,26.127292646987463,52.74332305697746
0.776,3.5429603701563965,24.399072778181846,26.127292646987463,52.94092253730252
0.777,3.541900539005049,24.399072778181846,26.127292646987463,52.94092253730252
0.778,3.5482772860234517,24.415168904018035,26.127292646987463,52.898724064433104
0.779,3.5522940082299628,24.429965919872075,26.127292646987463,52.898724064433104
0.78,3.5528635410083758,24.429965919872075,25.617248189241586,52.76808837702106
0.781,3.560483288096311,23.682231310246916,25.617248189241586,52.64718372857036
0.782,3.5543415035763983,23.758825830787092,25.617248189241586,52.64718372857036
0.783,3.556058922092923,23.81141945552235,25.617248189241586,52.84999678437004
0.784,3.561483627353538,23.81141945552235,25.799204530940134,52.84999678437004
0.785,3.5689477758697548,23.890547082984437,25.799204530940134,53.053798566186515
0.786,3.574329356563675,23.969041677003446,25.799204530940134,53.053798566186515
0.787,3.5820001830582946,23.969041677003446,25.799204530940134,53.136969229555014
0.788,3.579035755863281,24.0456015912506,25.98694649952113,52.6021442632395
0.789,3.5856576170457055,24.082413525414125,25.98694649952113,52.6021442632395
0.79,3.592615086644991,24.082413525414125,25.98694649952113,52.79193307826805
0.791,3.5864582276609345,24.097165615710377,25.98694649952113,52.79193307826805
0.792,3.5927330143791867,24.179241996928237,25.922278965541967,53.01458365539677
0.793,3.5970957115742603,24.179241996928237,25.922278965541967,53.01458365539677
0.794,3.5969147435810886,24.241350945883347,25.922278965541967,53.13423713420101
0.795,3.601091223803045,24.27794804757083,25.922278965541967,53.13423713420101
0.796,3.606626594837273,23.94636791973102,25.922707777793267,53.36123934689127
0.797,3.6147691602964156,23.94636791973102,25.922707777793267,53.57556119382698
0.798,3.6204648380681523,24.029053840511505,25.922707777793267,53.57556119382698
0.799,3.625106697420656,24.112916063403667,25.922707777793267,53.77348284675771
0.8,3.6305583393008765,24.112916063403667,26.136281460414764,53.77348284675771
0.801,3.635191807433446,24.16923204210196,26.136281460414764,53.94364450416356
0.802,3.642295991045756,24.25464769247313,26.136281460414764,53.94364450416356
0.803,3.6487912355999246,24.25464769247313,26.136281460414764,53.76755407575111
0.804,3.6557245398684817,24.33447858965055,26.136281460414764,54.00057341497525
0.805,3.6621319665958816,24.42162749649323,26.072494985710115,54.00057341497525
0.806,3.666944192720456,24.42162749649323,26.072494985710115,53.62709081136198
0.807,3.6452780921940495,24.486838986652888,26.072494985710115,53.62709081136198
0.808,3.650133497360321,24.571404370260375,26.072494985710115,53.30238457978328
0.809,3.6551090245326154,24.63834391683941,25.676528260204645,53.30238457978328
0.81,3.6620941028028846,24.63834391683941,25.676528260204645,53.4668166055759
0.811,3.6682598477606083,24.6775894997615,25.676528260204645,53.71137582294251
0.812,3.6674094771217853,24.767174746617364,25.676528260204645,53.71137582294251
0.8130000000000001,3.6728811905125593,24.767174746617364,25.256335956251874,53.949907712299705
0.8140000000000001,3.679128949984453,24.854797709513065,25.256335956251874,53.949907712299705
0.8150000000000001,3.6806476845649523,24.947023742147486,25.256335956251874,54.20544442769593
0.8160000000000001,3.6907809083076017,24.947023742147486,25.256335956251874,54.20544442769593
0.8170000000000001,3.6965784849254946,24.522360510749497,24.39486808147826,54.24542793057905
0.8180000000000001,3.7063147374747296,24.619471896262027,24.39486808147826,54.24542793057905
0.8190000000000001,3.7108980558839657,24.619471896262027,24.39486808147826,54.214285251513004
0.8200000000000001,3.710410554770393,24.693568320007827,24.39486808147826,53.89662890433478
0.8210000000000001,3.716878946972056,24.792892822733915,24.492396789610538,53.89662890433478
0.8220000000000001,3.7248639428223504,24.822184694023207,24.492396789610538,53.94445199394674
0.8230000000000001,3.730341123123351,24.822184694023207,24.492396789610538,53.94445199394674
0.8240000000000001,3.734512073090594,24.91485920916048,24.492396789610538,53.87919464113049
0.8250000000000001,3.7367290255585996,24.819893393545748,24.7819951420601,53.87919464113049
0.8260000000000001,3.7439638471361127,24.819893393545748,24.7819951420601,53.99462263893628
0.8270000000000001,3.7532265888277516,24.919402086374255,24.7819951420601,54.248269053950246
0.8280000000000001,3.756410412136636,24.764361422565692,24.7819951420601,54.248269053950246
0.8290000000000001,3.7639078907497483,24.764361422565692,24.7819951420601,54.468966584605056
0.8300000000000001,3.770856145339012,24.85150720560205,25.067525286610937,54.468966584605056
0.8310000000000001,3.7802796989008454,24.93666252167109,25.067525286610937,54.71742113514954
0.8320000000000001,3.7842092554238933,24.93666252167109,25.067525286610937,54.71742113514954
0.833,3.795149300666285,25.039593679265817,25.067525286610937,54.981793742775984
0.834,3.8023694350415544,25.119662200904763,24.730286143012307,55.15522603782419
0.835,3.8073307770384415,25.119662200904763,24.730286143012307,55.15522603782419
0.836,3.812540272007099,25.218107435723812,24.730286143012307,55.18617805196273
0.837,3.823570458146983,25.004362200567858,24.730286143012307,55.18617805196273
0.838,3.828820967768332,25.019194864911952,24.895952355901862,55.28656575486928
0.839,3.8371574217602262,25.019194864911952,24.895952355901862,55.28656575486928
0.84,3.8460007399269647,24.894997617173875,24.895952355901862,55.30149378853472
0.841,3.846879060650564,25.000535789509478,24.895952355901862,54.97244928798455
0.842,3.8582732380530937,25.000535789509478,25.156228504965522,54.97244928798455
0.843,3.864341273453051,24.739748928800278,25.156228504965522,55.2639018771601
0.844,3.8680061003320105,24.582605265763608,25.156228504965522,55.2639018771601
0.845,3.8771814119817454,24.582605265763608,25.156228504965522,55.55338994561053
0.846,3.888987679858901,24.692866453511343,25.32192120196217,55.55338994561053
0.847,3.899353304038508,24.746601188068468,25.32192120196217,55.84592962395977
0.848,3.9122689951620147,24.746601188068468,25.32192120196217,55.84592962395977
0.849,3.922247396553497,24.834679706040227,25.32192120196217,55.77727054413763
0.85,3.9317378961065073,24.911280225849477,25.668773407957044,55.583126215244704
0.851,3.9425638180559193,24.9238998158362,25.668773407957044,55.583126215244704
0.852,3.9566636551843453,24.9238998158362,25.668773407957044,55.60166236916926
0.853,3.96550259600744,24.79600790298719,25.668773407957044,55.60166236916926
0.854,3.972258205110258,24.917300564891093,25.668773407957044,55.42450037517233
0.855,3.981243086394085,24.917300564891093,26.005052370727356,55.42450037517233
0.856,3.994580848623092,24.65406248560766,26.005052370727356,55.4398641708878
0.857,4.003884162728005,24.69047078441749,26.005052370727356,55.19237769591025
0.858,4.018040991384266,24.69047078441749,26.005052370727356,55.19237769591025
0.859,4.014963605638242,24.81603045192719,26.1244695741007,54.93457431976848
0.86,4.021884658408668,24.933290034022225,26.1244695741007,54.93457431976848
0.861,4.0351646088381194,24.933290034022225,26.1244695741007,54.65076894276852
0.862,4.043366360592412,25.06263650684056,26.1244695741007,54.65076894276852
0.863,4.053935651803676,25.041294900437677,26.477208831743535,54.9281011478222
0.864,4.060728846745234,25.1364774794945,26.477208831743535,55.09504589923145
0.865,4.0750808384331805,25.1364774794945,26.477208831743535,55.09504589923145
0.866,4.083639726680148,25.271117467227548,26.477208831743535,54.86102415416098
0.867,4.095901707446949,25.404508779268955,26.84691661668767,54.86102415416098
0.868,4.1057545583996395,25.404508779268955,26.84691661668767,55.08269998688394
0.869,4.118788809384168,25.512460650799916,26.84691661668767,55.08269998688394
0.87,4.132003435060587,25.55983295203106,26.84691661668767,55.26101594535316
0.871,4.145902816010117,25.55983295203106,26.58805718038274,55.26101594535316
0.872,4.159340946999893,25.70068771327291,26.58805718038274,55.55829185293316
0.873,4.167752489123554,25.481548761401676,26.58805718038274,55.84491154583979
0.874,4.181005822840256,25.481548761401676,26.58805718038274,55.84491154583979
0.875,4.197798043969761,25.56888997403227,27.020973858463687,55.95541784381012
0.876,4.211528653339714,25.54495433961156,27.020973858463687,55.95541784381012
0.877,4.22252110296266,25.670968164650034,27.020973858463687,56.176144116096594
0.878,4.232277583078877,25.670968164650034,27.020973858463687,56.176144116096594
0.879,4.248354788580715,25.80757256181104,27.020973858463687,56.536207950095175
0.88,4.259455829676689,25.662167238641537,26.83616961899291,55.32639455111222
0.881,4.268758581160372,25.662167238641537,26.83616961899291,55.32639455111222
0.882,4.280545711094987,25.587335026408663,26.83616961899291,55.64126877152797
0.883,4.295367281446447,25.74297678947571,26.83616961899291,55.64126877152797
0.884,4.3111231830552,25.74297678947571,27.299279602506342,55.43038228294587
0.885,4.321528076972597,25.413113205887058,27.299279602506342,55.43038228294587
0.886,4.333278872254575,25.569851866325983,27.299279602506342,55.758225067226476
0.887,4.337418350176026,25.569851866325983,27.299279602506342,55.93071866483871
0.888,4.353996938668175,25.722966575469396,27.41939248676309,55.93071866483871
0.889,4.370174477758874,25.88632498134455,27.41939248676309,55.94744861814459
0.89,4.37497927553297,25.88632498134455,27.41939248676309,55.94744861814459
0.891,4.390011459466754,26.055476125155565,27.41939248676309,56.37454469726702
0.892,4.407970612124887,26.221600159048656,27.489523268459287,56.37454469726702
0.893,4.420617349524697,26.390414523670554,27.489523268459287,56.7424496961886
0.894,4.432516622416306,26.390414523670554,27.489523268459287,56.86646577296899
0.895,4.445183672759581,26.563777411408847,27.489523268459287,56.86646577296899
0.896,4.462690303941905,26.744316673924462,27.055080803019152,56.936089963071105
0.897,4.4791340903260375,26.744316673924462,27.055080803019152,56.936089963071105
0.898,4.497645503203126,26.91540396715529,27.055080803019152,57.27940982656596
0.899,4.5157590715383185,27.01360521550491,27.055080803019152,57.27940982656596
0.9,4.53589129774935,27.01360521550491,25.42999160151072,57.77392350226034
0.901,4.557847743626422,27.180723872562055,25.42999160151072,57.77392350226034
0.902,4.570968137060826,27.346182116790917,25.42999160151072,58.10266912061583
0.903,4.593041881800917,27.346182116790917,25.42999160151072,56.86492714536944
0.904,4.6126180175475096,27.493352514060085,25.42999160151072,56.86492714536944
0.905,4.637208142833098,27.500128707213666,24.451443755228325,57.37945207876359
0.906,4.6541018396056595,27.509287180126798,24.451443755228325,57.37945207876359
0.907,4.679768831854426,27.509287180126798,24.451443755228325,57.78629464700735
0.908,4.701654006395475,27.717423663013882,24.451443755228325,57.78629464700735
0.909,4.725792789864871,27.930801679205516,24.487782583630185,58.258324786681804
0.91,4.74880549075349,27.930801679205516,24.487782583630185,56.29060434782835
0.911,4.7706817130113714,28.154974869234874,24.487782583630185,56.29060434782835
0.912,4.7932672306154425,27.631467831555224,24.487782583630185,55.73996986654657
0.913,4.813333774224083,27.631467831555224,25.02702593899224,55.73996986654657
0.914,4.837568157421361,27.846032775770606,25.02702593899224,55.02279574163142
0.915,4.860405550089072,28.078340139314623,25.02702593899224,55.02279574163142
0.916,4.884382312908588,28.078340139314623,25.02702593899224,55.559510040819525
0.917,4.910807194817115,28.170498720583232,25.60708128599633,54.73524537690651
0.918,4.934186030216498,28.410003639121655,25.60708128599633,54.73524537690651
0.919,4.961449680436311,28.640399916974975,25.60708128599633,54.179283521279004
0.92,4.950209526425227,28.640399916974975,25.60708128599633,54.179283521279004
0.921,4.970622361314316,28.88512276622663,25.779427026021832,53.808319395539996
0.922,5.000910947996216,29.118115721246323,25.779427026021832,53.808319395539996
0.923,5.0237953250920935,29.118115721246323,25.779427026021832,52.413577428978556
0.924,5.055246546530112,28.276875112444262,25.779427026021832,52.413577428978556
0.925,5.081761513367092,28.399398127217918,18.251769381708414,53.01781477072158
0.926,5.102384940832494,28.399398127217918,18.251769381708414,50.681664151637705
0.927,5.117732066287496,28.67518524928252,18.251769381708414,50.681664151637705
0.928,5.1460005383853575,28.932682897138932,18.251769381708414,51.04066996384244
0.929,5.176871075966213,28.932682897138932,18.251769381708414,51.04066996384244
0.93,5.211447683324165,29.148852646168958,17.675452866716256,49.72589407671358
0.931,5.239867770884353,29.416510809918595,17.675452866716256,49.72589407671358
0.932,5.272973636680258,29.639116730293164,17.675452866716256,49.52978593171669
0.933,5.304840059276919,29.639116730293164,17.675452866716256,48.74340491587711
0.934,5.343200920337172,29.928367130869283,18.193228337333526,48.74340491587711
0.935,5.3782831538064,30.230509711496808,18.193228337333526,49.39161300377084
0.936,5.421073398411029,30.230509711496808,18.193228337333526,49.39161300377084
0.937,5.458067046403565,30.517653608717943,18.193228337333526,49.87766802162338
0.9380000000000001,5.499831008754953,30.856401884097885,18.20893308485885,49.87766802162338
0.9390000000000001,5.53490978384044,30.856401884097885,18.20893308485885,47.34595915237268
0.9400000000000001,5.580761733689503,29.614298715477425,18.20893308485885,47.63739038917418
0.9410000000000001,5.606883359549615,29.973204510929236,18.20893308485885,47.63739038917418
0.9420000000000001,5.644516067576389,29.973204510929236,18.84779623151926,47.307291254635025
0.9430000000000001,5.693912229467049,30.3432237909054,18.84779623151926,47.307291254635025
0.9440000000000001,5.736650747857215,30.720602017825488,18.84779623151926,47.763600093091064
0.9450000000000001,5.7824491364814,30.720602017825488,18.84779623151926,47.763600093091064
0.9460000000000001,5.829025648737944,31.075971455181868,19.236832719942736,44.731406857330654
0.9470000000000001,5.879849580771672,24.054458795705145,19.236832719942736,44.951595022291585
0.9480000000000001,5.930427615196603,24.385962383543617,19.236832719942736,44.951595022291585
0.9490000000000001,5.992065085953106,24.385962383543617,19.236832719942736,45.54251501831597
0.9500000000000001,6.039164692951485,24.44382931626389,19.680991551671003,45.54251501831597
0.9510000000000001,6.073472796545315,24.724370147866715,19.680991551671003,46.272318425003
0.9520000000000001,6.125206022966603,24.724370147866715,19.680991551671003,46.272318425003
0.9530000000000001,6.188659550822383,25.089985344573066,19.680991551671003,47.07703957633749
0.9540000000000001,6.240560850288719,25.301108908329567,19.680991551671003,47.07703957633749
0.9550000000000001,6.312234668455484,25.301108908329567,20.5239255294278,47.56684223926943
0.9560000000000001,6.374361544088638,25.65273268786526,20.5239255294278,47.80474552216915
0.9570000000000001,6.440386602302227,26.055509259816045,20.5239255294278,47.80474552216915
0.9580000000000001,6.5058896522423195,26.055509259816045,20.5239255294278,47.87354413501197
0.9590000000000001,6.58628774946354,26.49685702495594,21.473458436367853,47.87354413501197
0.96,6.667671743366919,25.878029542534932,21.473458436367853,48.87939636183243
0.961,6.7320004720308555,26.35288351272466,21.473458436367853,48.87939636183243
0.962,6.8193872175864785,26.35288351272466,21.473458436367853,47.085906054257705
0.963,6.895662673811047,26.209124372628445,22.59087830864873,47.1728096905964
0.964,6.990062682216476,26.721135214005354,22.59087830864873,47.1728096905964
0.965,7.073361219873564,26.721135214005354,22.59087830864873,47.7412987747853
0.966,7.184242017499029,27.256949164652816,22.59087830864873,47.7412987747853
0.967,7.279981343413004,27.464325585218678,22.644957134953923,48.93643092590447
0.968,7.38828474593004,27.464325585218678,22.644957134953923,48.93643092590447
0.969,7.490539535994839,28.064592600475816,22.644957134953923,50.2766588866501
0.97,7.621589431336739,28.72412431807662,22.644957134953923,49.25783537397921
0.971,7.726333341686822,28.72412431807662,24.183579806775636,49.25783537397921
0.972,7.872555962530152,28.339635623121282,24.183579806775636,49.678984562160224
0.973,7.993764491915827,28.98488097327778,24.183579806775636,49.678984562160224
0.974,8.15138420329094,29.772125024044986,24.183579806775636,49.71237216525231
0.975,8.272672791522583,29.772125024044986,25.157788454270086,49.71237216525231
0.976,8.449694401744173,30.62192415785775,25.157788454270086,50.1788480853635
0.977,8.608020725662497,31.552134824575493,25.157788454270086,50.1788480853635
0.978,8.807787551692991,31.552134824575493,25.157788454270086,52.00691394423693
0.979,8.971915658147006,32.4479281593769,25.157788454270086,52.8020190670014
0.98,9.207703981467246,32.616869565544434,23.608879472349642,52.8020190670014
0.981,9.45676422495918,32.616869565544434,23.608879472349642,54.50677633349042
0.982,9.675128311789237,33.75176027490548,23.608879472349642,54.50677633349042
0.983,9.967665370132734,31.809140154083646,23.608879472349642,56.54843963377315
0.984,10.222062339479967,31.809140154083646,20.591230770164103,56.54843963377315
0.985,10.582229822294257,33.21810167059856,20.591230770164103,48.7028652789311
0.986,10.907800880667073,34.742120960172734,20.591230770164103,51.332778585368644
0.987,11.338637105576563,35.76550662891584,20.591230770164103,51.332778585368644
0.988,11.74532726436426,35.76550662891584,22.741850500308995,53.569848162569734
0.989,12.305281937794913,37.8893755943181,22.741850500308995,53.569848162569734
0.99,12.835075727976127,40.062794467421845,22.741850500308995,57.241642143043954
0.991,13.572743632492939,40.062794467421845,22.741850500308995,57.241642143043954
0.992,14.29930317197857,35.53342465453509,26.28802469613661,48.28594493159749
0.993,15.321655051154872,38.78449027448719,26.28802469613661,31.064629369177304
0.994,16.39835181829926,38.78449027448719,26.28802469613661,31.064629369177304
0.995,18.060299028700566,43.33981264650685,26.28802469613661,15.419662761782638
0.996,19.914586167748137,50.03763872798317,31.877222061157227,15.419662761782638
0.997,23.15249629728469,50.03763872798317,31.877222061157227,14.000094718424464
0.998,27.52152148012649,59.51583459504236,31.877222061157227,14.000094718424464
0.999,38.9091898825219,84.1511548614502,31.877222061157227,11.073192726997071
